query_name,dns_query_length,dns_query_entropy,dns_subdomain_count,dns_nxdomain_ratio,label,label_name
2zbkydqr05jfrr55cl.net,22,3.9395,2,0.865,1,dga
oh3r54ugua0dg.xyz,17,3.75,2,0.942,1,dga
drive.google.com,16,3.182,3,0.026,0,normal
ahifnBYedPk2XuvCH4nHh7si5eN8BtahTqBlNBciuaEP.tunnel.net,55,4.2348,3,0.42,2,tunnel
e9hpawo5d0n349z.net,19,3.8366,2,0.876,1,dga
github.com,10,3.1699,2,0.022,0,normal
53bsCG3EsiuDfyTJfpIcvFglAh5RkEzAUqOAjnnm.evil-c2.com,52,4.6635,3,0.539,2,tunnel
instagram.com,13,3.2516,2,0.031,0,normal
microsoft.com,13,2.8554,2,0.04,0,normal
drive.google.com,16,3.182,3,0.001,0,normal
google.com,10,2.4194,2,0.03,0,normal
w9Q2lfHKLAArS3Kd3ehgUxvL1DtS3HF24iXqokeu.evil-c2.com,52,4.5684,3,0.442,2,tunnel
fY0OcpCr36zFWCHzkiXiLg89wozvs6NBofrV.data-out.org,49,4.605,3,0.492,2,tunnel
y1i6yqz3yq9r.net,16,3.4566,2,0.909,1,dga
uv8Ha0IdCf0uOjtyhxwStr31XOG349peNo92.data-out.org,49,4.5946,3,0.547,2,tunnel
news.bbc.com,12,2.9219,3,0.03,0,normal
l3hNkEKI2G1Mw7RRnqYuNVefUuzeVFDT4lDAjBSUIO9hq7Dzu.evil-c2.com,61,4.7744,3,0.317,2,tunnel
moh3cp4g2767s.xyz,17,3.875,2,0.835,1,dga
fw4g4506xhaebzk794.net,22,4.0707,2,0.857,1,dga
l3tcQzrd1dsjw2WzkCV2Olzu3dfDhz2GFJcg9TfOPPAqz.tunnel.net,56,4.47,3,0.502,2,tunnel
sl2185gxd6u6.top,16,3.7736,2,0.835,1,dga
092w7c4qrobzjh.top,18,3.9698,2,0.904,1,dga
2VxRCqzPkOcE6kK0p5BvF9YuUeZIuLchh24BSppUDA.evil-c2.com,54,4.573,3,0.532,2,tunnel
login.yahoo.com,15,3.0851,3,0.039,0,normal
bvy76rsrh3p9.com,16,3.7736,2,0.82,1,dga
wMRuOsS6zWXPoW5Q7fO8LBD6o24skBtKDnrEgo.data-out.org,51,4.4836,3,0.472,2,tunnel
twitter.com,11,2.8464,2,0.007,0,normal
w0k9lU11zMUeGHYIFNtg17zpL6m7OM19WEqeEfI.evil-c2.com,51,4.4898,3,0.337,2,tunnel
XO4qAGGa5G4cDvukZSslQY0YS4z4pNKjZOiBk40l.evil-c2.com,52,4.506,3,0.537,2,tunnel
hzuk8rtiyqqx.com,16,3.7736,2,0.97,1,dga
linkedin.com,12,3.0958,2,0.029,0,normal
5i3mu8m4l8kpvjnrvbn.net,23,3.9706,2,0.874,1,dga
9e9a67jjlpzntr7.com,19,3.8366,2,0.962,1,dga
f03rez229p3oye.com,18,3.6169,2,0.928,1,dga
sxQWhFYINZ5rxCarwTxQldkNgdGrlBgHjktv6YLYjilej.data-out.org,58,4.5614,3,0.328,2,tunnel
uOGTD5zAPVZjsIDcwglJ9PgCkwBAATQgGn0yN9MaNhtsZRqXEb.evil-c2.com,62,4.7423,3,0.369,2,tunnel
XewWoUQ8hkkqXnR7WBRQGco69mOJGFqjeZCNXn1P.data-out.org,53,4.5472,3,0.348,2,tunnel
twitter.com,11,2.8464,2,0.028,0,normal
1Mo1YGt4pIoXHo1Cw16p4OPeBe6lNNuFSqjVQs8uMSqgd.evil-c2.com,57,4.6152,3,0.379,2,tunnel
github.com,10,3.1699,2,0.034,0,normal
ewv8nidyjj1rcfni8p.xyz,22,3.9161,2,0.862,1,dga
linkedin.com,12,3.0958,2,0.035,0,normal
ix2377rzewtxax7t95.net,22,3.6178,2,0.881,1,dga
849q2sd5wfaplud48blv.org,24,4.1757,2,0.886,1,dga
czMKDrYgu5p6Wr92YPVy0GgaFM5V0G3XPm9rO4qDrOUxe2tpk.data-out.org,62,4.5444,3,0.459,2,tunnel
jqhds2jsmm59fd.top,18,3.6169,2,0.856,1,dga
twitter.com,11,2.8464,2,0.027,0,normal
amazon.com,10,2.5033,2,0.023,0,normal
youtube.com,11,2.9219,2,0.006,0,normal
SaM0hVT9R23JxTybx7jKw7dqCVLUaw1wqs6kcI7HR.tunnel.net,52,4.6786,3,0.304,2,tunnel
news.bbc.com,12,2.9219,3,0.001,0,normal
otqMrxswRBZud6PxjoeT94zQxSuD0ulDCAwcWHTG0vu6XuZj.evil-c2.com,60,4.6272,3,0.362,2,tunnel
g4f2mgr39i34.org,16,3.1899,2,0.942,1,dga
upe7wsa14qpjwsd.com,19,3.8366,2,0.823,1,dga
zft91O8QsCTN2If320XFxJbgOtInJHkPAKfRs.data-out.org,50,4.5357,3,0.307,2,tunnel
google.com,10,2.4194,2,0.045,0,normal
youtube.com,11,2.9219,2,0.029,0,normal
m4by0zszsslvr.top,17,3.5778,2,0.913,1,dga
812i2q7zugm58j.xyz,18,3.7345,2,0.879,1,dga
netflix.com,11,3.3219,2,0.013,0,normal
r30sbbo6n59daw.net,18,3.8522,2,0.899,1,dga
85sk0lxf54dssd7.top,19,3.6835,2,0.837,1,dga
whatsapp.com,12,3.0958,2,0.047,0,normal
reddit.com,10,2.9477,2,0.001,0,normal
xr22y3150x4puge8.xyz,20,3.7871,2,0.906,1,dga
news.bbc.com,12,2.9219,3,0.011,0,normal
wikipedia.org,13,3.1887,2,0.035,0,normal
amazon.com,10,2.5033,2,0.002,0,normal
netflix.com,11,3.3219,2,0.001,0,normal
amazon.com,10,2.5033,2,0.02,0,normal
Kw8ANYp1bmIJf7HtH6LZVFMNJzVgRCfwAUSqm4tW7n3wLOtMqt.evil-c2.com,62,4.7838,3,0.378,2,tunnel
microsoft.com,13,2.8554,2,0.005,0,normal
ekw56wgcvrti5jpm.top,20,3.8269,2,0.939,1,dga
zhch96l8gdxb.xyz,16,3.5069,2,0.934,1,dga
zz9N5bEPmo3nF5MEJMjG8dGU6IHp3COQJ2VYOOWgRxmTTZO.data-out.org,60,4.6311,3,0.378,2,tunnel
QknsMvIGzWVnPorUbrVP9Z0YjC1gdDUBU3H3pLPJL.evil-c2.com,53,4.6476,3,0.505,2,tunnel
maps.google.com,15,3.027,3,0.036,0,normal
GQYPUysPjhPnjEQViZBDU25fb9EV8T6LtPDp9JQ7.tunnel.net,51,4.352,3,0.464,2,tunnel
9ptindm5o70r.org,16,3.6402,2,0.975,1,dga
AH3M14VMD88DzZfyw1QHISqVkkxzQoticuW.evil-c2.com,47,4.5468,3,0.379,2,tunnel
7ozbxxx2vv08tqdv.top,20,3.5369,2,0.805,1,dga
odzy1ob9vbheju79u5h.net,23,3.914,2,0.941,1,dga
nm8nwjx2uonnz.top,17,3.375,2,0.962,1,dga
quq7g9us10ynajrdox.org,22,3.9161,2,0.926,1,dga
YE4ouNsqSebFGMVlcezVfGF3pgqlUhnUXTPA5hAFodQz.evil-c2.com,56,4.583,3,0.512,2,tunnel
mail.google.com,15,2.8731,3,0.015,0,normal
trz7ntrmomcw2y.top,18,3.4548,2,0.895,1,dga
K8EHLy9E10ZPH3weQ4LRAacfhoI9wlUkEh7iEjDjoLsh7.data-out.org,58,4.607,3,0.4,2,tunnel
login.yahoo.com,15,3.0851,3,0.0,0,normal
hvvDq52U1oiZqdq6eqqcyDtXDlBLf71Y2gNc.evil-c2.com,48,4.3959,3,0.385,2,tunnel
instagram.com,13,3.2516,2,0.046,0,normal
FCNblhcCjH5kiGEH6IQhGZ0hWDqwKSe5Mn2Oe.evil-c2.com,49,4.3636,3,0.442,2,tunnel
login.yahoo.com,15,3.0851,3,0.041,0,normal
pvvnvqsmv7iw0314f0.org,22,3.9161,2,0.801,1,dga
tD1Bu57C9v3tRsZmBHpFCWALdTlPeITjVVRH9FCBpW.evil-c2.com,54,4.549,3,0.52,2,tunnel
login.yahoo.com,15,3.0851,3,0.015,0,normal
i49a0q2nysfe38cfis1j.org,24,4.2627,2,0.81,1,dga
t61ff0v71musgicpsx.xyz,22,4.0114,2,0.871,1,dga
eTX8C7tEH7Cc1PMf0aGI9x4BDZUFr4e2Wf6gSNq8OQ2LfQ.tunnel.net,57,4.6701,3,0.373,2,tunnel
z7vympstzdjwdsnce3.top,22,3.9161,2,0.856,1,dga
cdn.amazon.com,14,2.7516,3,0.035,0,normal
fVP4okUelyN5Mb74Vau8mZYYK4Qlu5bIkUYNWB.data-out.org,51,4.4844,3,0.49,2,tunnel
ABA8hjJbKLoOjKMxboCYILMazSMKs7tYjcKmERAWzxS3.tunnel.net,55,4.3452,3,0.482,2,tunnel
024gzgmo0ykzm.net,17,3.5,2,0.897,1,dga
reddit.com,10,2.9477,2,0.039,0,normal
8sni22uqky5wk.com,17,3.75,2,0.935,1,dga
ewq5b4xzcw55npg8t2.xyz,22,3.8802,2,0.818,1,dga
YLzwwzaWeWxeSaTwQMOQxf8kA7yWM3Fmg7UxBv1VSXydD.tunnel.net,56,4.3978,3,0.521,2,tunnel
xhshplQO7yGoV1J4rD9hwcWMLZT1CWEdEaZr7Y5RvBQIShESQ.evil-c2.com,61,4.6744,3,0.464,2,tunnel
supGnbcK4kcwJOPL1iAiE3buDTbsMMAIFImlS0w1fKBptOB.tunnel.net,58,4.3628,3,0.505,2,tunnel
BQdgslMFpbNbJxREmx5CVD2JWPXN9cCS4gCP3IV.data-out.org,52,4.6484,3,0.425,2,tunnel
j7pe1KWSMmtPwSLJcGfhZgshEBxIDSzgnC51JIRXRulSLz4Asj.data-out.org,63,4.631,3,0.444,2,tunnel
j32qx5fholrbpl.com,18,3.8522,2,0.835,1,dga
k3yg2rnq6y1z38.net,18,3.7345,2,0.816,1,dga
drive.google.com,16,3.182,3,0.034,0,normal
696o27lQAIYXVdF3oZ4zk9wfLDX6vETVJQNLdzxEh4y0D5qnIO.tunnel.net,61,4.5455,3,0.464,2,tunnel
microsoft.com,13,2.8554,2,0.034,0,normal
4Bu7YDL20l0b6Dvu7CcF08e8lMeAQEg9022E.tunnel.net,47,4.208,3,0.411,2,tunnel
0NzwjSpByQlMcKvfQfjls85Ltqj21EowLhWxARAU.data-out.org,53,4.7357,3,0.508,2,tunnel
D0Jkr6RhvtlObADT4Y6ouRkPL1rHT6UU2UyvW.evil-c2.com,49,4.453,3,0.442,2,tunnel
me2dkk9ca6pbe5bf0.xyz,21,4.0219,2,0.802,1,dga
OC9xEo0QpqgCBKEekBzRzLiBkxrUqqu0ujwHoGfvoir8.evil-c2.com,56,4.433,3,0.479,2,tunnel
maps.google.com,15,3.027,3,0.023,0,normal
facebook.com,12,2.8454,2,0.022,0,normal
1lustqp2fpsktm.com,18,3.6169,2,0.91,1,dga
google.com,10,2.4194,2,0.029,0,normal
ib278y7tn8qgs941jsv.com,23,4.1867,2,0.926,1,dga
AdTLpTJMXQM3uxgNvAlkLFp1z3eqK0ynft7QaCvIl.evil-c2.com,53,4.5717,3,0.413,2,tunnel
qbipfkib6l2dzag9.top,20,3.9321,2,0.871,1,dga
4bb7wmejaiwbbh.xyz,18,3.4992,2,0.886,1,dga
rtx250iepz59xco.xyz,19,3.6835,2,0.875,1,dga
O5SlilOrZozoMrfH4iMHrFrP6qMvD8PcHfdj04f5M.data-out.org,54,4.3806,3,0.419,2,tunnel
login.yahoo.com,15,3.0851,3,0.03,0,normal
l2QtsFvEtJ3NPvlK0Sqv1kM1wDkAOyRI9DqTaKoBAA.data-out.org,55,4.4943,3,0.329,2,tunnel
login.yahoo.com,15,3.0851,3,0.031,0,normal
9BH9D638B9tFupnsdUOuuYtze7apA5zJKg1jibD23YParwuT4.evil-c2.com,61,4.8972,3,0.516,2,tunnel
eC0w7HPLX6R8ABFzzfSsfpqB0jr1g1wC6dqT.tunnel.net,47,4.5359,3,0.488,2,tunnel
dt5qhiklqlIaHlrK80TLzwyzlQoDd7uWTPubUU.data-out.org,51,4.2046,3,0.403,2,tunnel
39OYLTi4w53bIEARmTmVh1jouBfOPGUEIQrbUc1XXBuo.data-out.org,57,4.5198,3,0.493,2,tunnel
P2aPB3vcmaJKRtqDsN8F6RZFzbVl1hIUb2yeTjflEKR.data-out.org,56,4.7269,3,0.346,2,tunnel
amazon.com,10,2.5033,2,0.049,0,normal
Qr0fumr3FmhpBaRW41enn8RnUOZcKJ0OAO0wvigWSZE.tunnel.net,54,4.5364,3,0.425,2,tunnel
google.com,10,2.4194,2,0.033,0,normal
so4frdkp7i6amstscc2p.org,24,3.969,2,0.821,1,dga
maps.google.com,15,3.027,3,0.048,0,normal
github.com,10,3.1699,2,0.047,0,normal
9r6DKtX0k3Cm1QSkZEM4BoAaMUEqMRAprU23LUdQB2O3ioL4W.evil-c2.com,61,4.6088,3,0.355,2,tunnel
o4smhjr3ubedu8f3kx.org,22,4.0114,2,0.862,1,dga
WQ0lrW28L1SCFG5C0oYhUVurhtDcfcaS94ZOfWNEqUALE.evil-c2.com,57,4.6307,3,0.5,2,tunnel
5sxoNX9Q1eXHPTO3tCb8x0sj636v6sxZnu8DJM5eLp2ZlJR7.evil-c2.com,60,4.7391,3,0.515,2,tunnel
jay1odjzacfi.com,16,3.3736,2,0.925,1,dga
rgyy47itdk30q37380.org,22,3.6897,2,0.931,1,dga
stackoverflow.com,17,3.5778,2,0.046,0,normal
flt7mfqu0u7ztl8c4fox.org,24,3.882,2,0.924,1,dga
ugcynwk1uvhlq7dy.top,20,4.0374,2,0.929,1,dga
LRwrRiV417qKE8EBdzt1MmGc2x99V4Ac3YXBZO3P2a4.tunnel.net,54,4.7193,3,0.324,2,tunnel
linkedin.com,12,3.0958,2,0.027,0,normal
m5jb7d3ubj6l.org,16,3.6402,2,0.938,1,dga
whatsapp.com,12,3.0958,2,0.026,0,normal
CN5TzvFj7IsOJfsZB3xXfYNEfmebm3AipwLpuH.data-out.org,51,4.6705,3,0.442,2,tunnel
microsoft.com,13,2.8554,2,0.002,0,normal
FWKqTMVOwC9OwluGVFKAHZE3GfmJuhtMpRs.data-out.org,48,4.3816,3,0.302,2,tunnel
24pwwo2dtgof.top,16,3.0566,2,0.915,1,dga
api.github.com,14,3.4183,3,0.028,0,normal
lkrhz3xgrhi4ltdw8b.xyz,22,3.9161,2,0.83,1,dga
instagram.com,13,3.2516,2,0.005,0,normal
stackoverflow.com,17,3.5778,2,0.02,0,normal
api.github.com,14,3.4183,3,0.01,0,normal
maps.google.com,15,3.027,3,0.016,0,normal
ZFeNZDK8pEFUh95Kh7Mnkta84xUq1uCXEVo7AbyUnzCA.evil-c2.com,56,4.6619,3,0.302,2,tunnel
4K7pMZaoTPDSbkx7D0OUKmYua8O0nGuf85vORm9FZ.data-out.org,54,4.421,3,0.331,2,tunnel
nwt8opel47o0g.com,17,3.7028,2,0.976,1,dga
LRfhR0Z5UXlWr17vFOk9K6PXIceK7y0hqzulJsdCa.evil-c2.com,53,4.7409,3,0.528,2,tunnel
twitter.com,11,2.8464,2,0.037,0,normal
vg176epufai21w3kmx1.net,23,4.1524,2,0.841,1,dga
jWUB8AZtgJhG9jAyCu6eyxhucofACvggJjDmAuU47a.tunnel.net,53,4.3048,3,0.431,2,tunnel
api.github.com,14,3.4183,3,0.019,0,normal
S9Zct92zJ2zjq5X1zAtNJwQh2yw6k6jGha3m.data-out.org,49,4.4747,3,0.473,2,tunnel
twitter.com,11,2.8464,2,0.019,0,normal
jxqxDTCHWbPpSF1q09XP9OVtyUD1I4jgmszR.tunnel.net,47,4.6415,3,0.444,2,tunnel
iceIdLXgRfZdQKzTi3mvVfmkGhxP7q0pCjNtlIpwRlzWexh.data-out.org,60,4.6289,3,0.476,2,tunnel
etwdy632yfv8n.com,17,3.875,2,0.893,1,dga
28qg96fdb14af.top,17,3.875,2,0.865,1,dga
rrizlo9s69o5bi7fz84.net,23,4.0049,2,0.894,1,dga
30fp82efmnmgtcg4.xyz,20,3.9321,2,0.863,1,dga
5ymcXIy1r8WfT9PXg505SuDO2YHBrVLowGlQ7.data-out.org,50,4.673,3,0.457,2,tunnel
github.com,10,3.1699,2,0.049,0,normal
P3JvuGKv33RLa7WNEsldW7JcJZ2TT6bBXYwvLkGxsHF6LEI.tunnel.net,58,4.5461,3,0.404,2,tunnel
in934ltef5abj8umt4.top,22,4.0707,2,0.825,1,dga
Hrq31OYN6nGU5h5q2qYtPHPuvhGJP2kyPjv.tunnel.net,46,4.127,3,0.501,2,tunnel
3igxqz6pbdpf7w70weya.top,24,4.1429,2,0.92,1,dga
instagram.com,13,3.2516,2,0.003,0,normal
8OElEqFaGiyhjHsq9lirRFVd8LKGrqVyJkGORW.data-out.org,51,4.3112,3,0.502,2,tunnel
6Cntd72fzL5TSHQthZ08g0pYXg75zW9hDo8.data-out.org,48,4.537,3,0.459,2,tunnel
omcbtnslt8gwn.net,17,3.4056,2,0.885,1,dga
microsoft.com,13,2.8554,2,0.042,0,normal
bofptefcz6x4wv.com,18,3.7345,2,0.843,1,dga
yegrrz9xpe8nh4wfz5l2.top,24,4.1757,2,0.948,1,dga
EVEdxEaYigjxHBrIAXXc7puv3Clqa8QEcpiF3D.tunnel.net,49,4.3093,3,0.388,2,tunnel
XlJMpMRA8CFamcycJ5ZaxFvjcAgA87cA7dx7Qk.data-out.org,51,4.2141,3,0.521,2,tunnel
Z30kI07XzzDtseNnIIGjxyTBrU9816Zroxdp1HW.data-out.org,52,4.6084,3,0.541,2,tunnel
reGmtJbcDM6F0I37uuqLs1KuCBDVIJCAgZHYruTOsn.evil-c2.com,54,4.7174,3,0.406,2,tunnel
vN2kCy2TSs4iXDJ2fqiGF3CY9DqYSK8QwiKRssn6P6UJ0wV5.tunnel.net,59,4.6092,3,0.317,2,tunnel
facebook.com,12,2.8454,2,0.027,0,normal
facebook.com,12,2.8454,2,0.015,0,normal
amazon.com,10,2.5033,2,0.018,0,normal
h0mkhrqmmi4c.top,16,3.4566,2,0.961,1,dga
YqIvR2zRBedn0fmzkOShgse6WrYbKWUgfDDqt2qpuRxQ.evil-c2.com,56,4.6759,3,0.445,2,tunnel
youtube.com,11,2.9219,2,0.036,0,normal
0R987cdHdISKefBEglOfIa8da0BUunvL7pNDYkJgQzOmV.data-out.org,58,4.6802,3,0.545,2,tunnel
Y7ziPj4lM27rDd86xCG71QvjWeaUX1kY5GNyWv.tunnel.net,49,4.6553,3,0.404,2,tunnel
60q7qtd4baxryit5ljzs.org,24,4.2627,2,0.823,1,dga
szhsvqpfa85r.net,16,3.7736,2,0.852,1,dga
vWkNOFvnAxawZZ8SXdROm2pgwl9Pwns0IPqZiF9.tunnel.net,50,4.4387,3,0.536,2,tunnel
VWM6wjO6FxLQmzAFcNGPUf4HkyVVK8sFWukqZ29f.evil-c2.com,52,4.5913,3,0.361,2,tunnel
github.com,10,3.1699,2,0.035,0,normal
wQEcyAHTFVUvhvpJjDywtlt5AaNy1RllS2NrI18sa.tunnel.net,52,4.2942,3,0.51,2,tunnel
GQOGR8EMymWzFMr6rar3iLnEmYopUi03n251VIsuzid5W1f8Ta.data-out.org,63,4.6213,3,0.534,2,tunnel
W3lAxPqgY6bM88m0p1ugiu1OibJVrcIITZQ425ElY.evil-c2.com,53,4.6945,3,0.516,2,tunnel
WdSq5SjJS1WdabAD6WmqAx7usQUXqFAIDOj2.data-out.org,49,4.1474,3,0.36,2,tunnel
lOm90JAltTEuIG7pqfakTVkHdhJYKpyODKwjCb9Q.evil-c2.com,52,4.5684,3,0.349,2,tunnel
apple.com,9,2.75,2,0.018,0,normal
y1ynz7lxkk1arj89wjj0.xyz,24,3.7623,2,0.942,1,dga
netflix.com,11,3.3219,2,0.042,0,normal
2im5vyglwvlovrb9i3.com,22,3.7849,2,0.942,1,dga
fjWJiKKHCBgwA9YJ0MXO1xHXDwUc8aGIyMLklkhQ2rUw9750.tunnel.net,59,4.7008,3,0.385,2,tunnel
9ins9x93ayubofv.com,19,3.7947,2,0.862,1,dga
9ms883b8h9m1.xyz,16,3.3232,2,0.814,1,dga
r1fajh99f69mpeefike0.com,24,3.8164,2,0.871,1,dga
svstio9r58noa.xyz,17,3.75,2,0.968,1,dga
n4jO0ZZHEJKuPCUxIQZCVF5jGrNx3jBL1cQrJLCV02KgX.data-out.org,58,4.662,3,0.47,2,tunnel
j6qbvkf3ou8sohils2l.net,23,4.1867,2,0.805,1,dga
6SK8DACJnLrSkV1wkdOKF7tpnow8y34TyhzGBEhMqM.tunnel.net,53,4.6849,3,0.546,2,tunnel
iacE4aKssqcHqZJb5MxNZ6SJ36pqAeXB9s4G0DTkoLmYOY4T.tunnel.net,59,4.6353,3,0.543,2,tunnel
9Co40qvNhGVV0r8QtZmVdR1rFyppXxWs7TjRIyMmaF10w7.data-out.org,59,4.664,3,0.493,2,tunnel
tx0awl9bocfu.net,16,3.7736,2,0.824,1,dga
rxp5p3p5zdiyqm17wa.xyz,22,3.7849,2,0.82,1,dga
1jbrosxmtugwk97.org,19,3.8366,2,0.956,1,dga
youtube.com,11,2.9219,2,0.044,0,normal
linkedin.com,12,3.0958,2,0.041,0,normal
MFm0PFCu3OLgUv6GrKrlqYtyhKg7eC1d3nb6uZwLeTR8A.data-out.org,58,4.6598,3,0.418,2,tunnel
hswhvmbvrkq8.net,16,3.6402,2,0.894,1,dga
woGMSnr3YCePzNMoNcvlV2yFmR62Nur34V2k2RSH4dEwVezNG.evil-c2.com,61,4.3982,3,0.478,2,tunnel
hqc64dvc4s6j6iy2k.net,21,3.8842,2,0.932,1,dga
l491xinil3i0gy.top,18,3.6901,2,0.853,1,dga
7el6zdmrbaybteay1g.xyz,22,3.7849,2,0.851,1,dga
twitter.com,11,2.8464,2,0.023,0,normal
qd88D3k1vrBZlOAZRJR6zvhscKwgoDsI4TuufBRGtim6rb.data-out.org,59,4.5121,3,0.515,2,tunnel
3egcqdz8ofz9kegf.xyz,20,3.6819,2,0.94,1,dga
O85uY0BdNae6tccYrJn6o1dLKvOQaMmsZQfLKOE3W.evil-c2.com,53,4.6945,3,0.548,2,tunnel
api.github.com,14,3.4183,3,0.041,0,normal
iKjCNP3MTu6lYlUJZ91GmiZn9FMWujQzzXG4.tunnel.net,47,4.2779,3,0.368,2,tunnel
9cwnpexx4rtxullzes.org,22,3.8802,2,0.959,1,dga
Fjb8ISV4tDwOFaarhRK0g2BFPj0ckSeiroGr9rggG.data-out.org,54,4.3441,3,0.304,2,tunnel
n1HSlznkDcCdKKuDmLMJZVMV3kkt1PQYiwFOB5CS2W6E7C.tunnel.net,57,4.5633,3,0.529,2,tunnel
01oVNyzQmyftDbpXtzBoe6pgd6RVyLAEdksttTTC.evil-c2.com,52,4.5231,3,0.341,2,tunnel
d5zt720997je.top,16,3.5069,2,0.935,1,dga
youtube.com,11,2.9219,2,0.014,0,normal
l6oqrtl0v2psur.net,18,3.7345,2,0.88,1,dga
youtube.com,11,2.9219,2,0.038,0,normal
pNsV4iT2JwbrF4gjYaccBxzlpUQbC8PEStqU.evil-c2.com,48,4.5862,3,0.463,2,tunnel
fkbrdawredh5mpk5hzrj.xyz,24,3.882,2,0.824,1,dga
google.com,10,2.4194,2,0.009,0,normal
ojah4ejwfapfg7ln.xyz,20,3.9321,2,0.868,1,dga
W0U57zL3NttJfZXtYJbRphzOkWqbDx2rtj5hWUJc6h.evil-c2.com,54,4.7193,3,0.443,2,tunnel
7kfbjfwcfekio.org,17,3.4528,2,0.808,1,dga
4JDKHqIAwI3QKfec1ZpuSbm3EWnYlmlTsDzr5HgGBK.data-out.org,55,4.751,3,0.305,2,tunnel
dit6jdufjc82ivncsfx.net,23,3.8231,2,0.935,1,dga
cbEuMrpf6DoLkoGp0JuPCaJiQxdULI1Gt1v8QyyAnenm2Vc3fD.data-out.org,63,4.7009,3,0.481,2,tunnel
xgccc8pq8uo3kvmpklzv.top,24,3.7623,2,0.968,1,dga
Gf446yIbE3W3OUJcxL5Dc5t5Oa21h8bHB13.evil-c2.com,47,4.5803,3,0.423,2,tunnel
3CeXLQ7rooLEF2G9Nn19vvUBPbJFf0QrpK8SVHFjIQa2lQCJtp.evil-c2.com,62,4.6773,3,0.333,2,tunnel
zz2dr8l13bsgojl.xyz,19,3.7947,2,0.89,1,dga
96dkvnf09d50r.com,17,3.625,2,0.949,1,dga
linkedin.com,12,3.0958,2,0.014,0,normal
github.com,10,3.1699,2,0.005,0,normal
x2xt1tk7ouum.xyz,16,3.3232,2,0.842,1,dga
rvj61w6tsnyrij0mu.top,21,3.9219,2,0.939,1,dga
XbaQ6u16OSeN8si7s7IM1esXiyoeaHZ19AhS9tNIhZIHNamFgP.data-out.org,63,4.4594,3,0.491,2,tunnel
O7ANHA22dey7SQ1FQWEAYTmz27cWQtahVHdc.evil-c2.com,48,4.284,3,0.368,2,tunnel
pawrk0wn2nba83rgbm8.com,23,3.8231,2,0.941,1,dga
qe121c40fv3wgv6y0q.net,22,3.9161,2,0.97,1,dga
su9gfme0gqiwut.xyz,18,3.8522,2,0.905,1,dga
0UFoOwYLiFiJHg6ZdkAKogC62kaWmjHBGeJc5lLtO.data-out.org,54,4.421,3,0.363,2,tunnel
HVIOytczYIcicjkTPgIxLzhj1JZmMfLyZTwMbSO3f.tunnel.net,52,4.3611,3,0.51,2,tunnel
u03ucs2uukdhb6eue.com,21,3.5414,2,0.905,1,dga
j54kev7ounoomk1jeatu.xyz,24,3.969,2,0.927,1,dga
amazon.com,10,2.5033,2,0.043,0,normal
apple.com,9,2.75,2,0.0,0,normal
45ANZX2q9nljfPtb1Is39hZP5vUdULXMnRVaq20WoBU.data-out.org,56,4.75,3,0.422,2,tunnel
pquc5r17pwd9a.com,17,3.75,2,0.976,1,dga
RPuq3TCUePQlFdRmEn499Ip7GRsUkTBwk4Y1c.tunnel.net,48,4.3603,3,0.363,2,tunnel
aJo0ll4hBaJjSZPmKEMvKTDeyYrcSsS36pbLX9maiihMSqA.data-out.org,60,4.6142,3,0.509,2,tunnel
fhyt17aumnh05c.xyz,18,3.8522,2,0.869,1,dga
7nzzgttvho66bqjv.org,20,3.6163,2,0.912,1,dga
sqx8j3anzkpk2h3mse.com,22,4.0114,2,0.937,1,dga
f1gttmkm7oko5bf.top,19,3.3083,2,0.972,1,dga
instagram.com,13,3.2516,2,0.049,0,normal
ujk311k09n6u.org,16,3.5069,2,0.903,1,dga
m09b5gdul6jpyhm.net,19,4.0588,2,0.931,1,dga
mail.google.com,15,2.8731,3,0.04,0,normal
5o08qt6b2lgx.net,16,3.7736,2,0.883,1,dga
7kjhp0illtkf.xyz,16,3.6402,2,0.848,1,dga
youtube.com,11,2.9219,2,0.015,0,normal
15fiio5pwxca7.net,17,3.75,2,0.822,1,dga
ygVrQu1kZkLcE9sdjIzJlTg6BtXomzvaYKDd1mZOeBW.evil-c2.com,55,4.5951,3,0.523,2,tunnel
netflix.com,11,3.3219,2,0.049,0,normal
drive.google.com,16,3.182,3,0.001,0,normal
amazon.com,10,2.5033,2,0.043,0,normal
reddit.com,10,2.9477,2,0.007,0,normal
drive.google.com,16,3.182,3,0.034,0,normal
40xQtKMBpLwJWmbDTnVmQM5IJc53mm6QPBqhWfAsA.evil-c2.com,53,4.5368,3,0.45,2,tunnel
mTheZDaX2frEJgx4U3koxStlQf7NNdWSTqEWp2bHKUdA.data-out.org,57,4.5699,3,0.316,2,tunnel
mail.google.com,15,2.8731,3,0.018,0,normal
maps.google.com,15,3.027,3,0.016,0,normal
y5atVrgDtUsyWaDutR03TwoyFjppSImgCmTLZjX9GUm5.evil-c2.com,56,4.5951,3,0.381,2,tunnel
wy1YcYHf76vxw9udO9rMSafLlU64Wg6sUhV4pqVPhPOgc399.tunnel.net,59,4.6041,3,0.361,2,tunnel
pyG3LaEOJcDqSEJKbU2Gda8RK39rcMZprZyXF.tunnel.net,48,4.5777,3,0.317,2,tunnel
mpzpwwk0dwqwl92g.org,20,3.6163,2,0.957,1,dga
fxj0ezkbizdr6d2fxe.net,22,3.7849,2,0.816,1,dga
5utuncrby358.top,16,3.5069,2,0.855,1,dga
e8m1ye5b7gyp3ee.net,19,3.4138,2,0.913,1,dga
netflix.com,11,3.3219,2,0.02,0,normal
xAqPYJiWSkpU0fIDAO5vQKLzg6D9omqtayelSQvUssk.tunnel.net,54,4.5219,3,0.358,2,tunnel
netflix.com,11,3.3219,2,0.035,0,normal
mI78lcd7S1CbOug1Vcgfwjt4gSZMmDsRHgVwkUOK6.tunnel.net,52,4.5533,3,0.542,2,tunnel
5i00b6npmrxrp.net,17,3.5,2,0.96,1,dga
facebook.com,12,2.8454,2,0.004,0,normal
NKJlCYFAqBmYy40PSIE7RybXK9ZJRx3o0EhevbvxwXJ.data-out.org,56,4.7821,3,0.385,2,tunnel
7KJvFI82A7xcCsjfeSKcprOSMRyaTyWhDILYh2AOR.data-out.org,54,4.496,3,0.49,2,tunnel
vi8dox1pomm19.org,17,3.4528,2,0.942,1,dga
05Rm5O9ixrZwXD87JOO0uaCujV4sjLP0rMga05WnKkY1N.data-out.org,58,4.631,3,0.496,2,tunnel
fDyE8VD5sVnE626ubTqGcF9u7NtHpb7mD3jf0TbxUza8CswjQ.evil-c2.com,61,4.8778,3,0.448,2,tunnel
YdBcc2rx9szb7q8uCfMyyh8iLm8ifgnlwtJ6FQ.evil-c2.com,50,4.6237,3,0.333,2,tunnel
youtube.com,11,2.9219,2,0.009,0,normal
twitter.com,11,2.8464,2,0.011,0,normal
drive.google.com,16,3.182,3,0.013,0,normal
3gt8p2hqocfd1zh6.xyz,20,4.0374,2,0.971,1,dga
vb4228yvvlh2f107v7gx.com,24,3.882,2,0.967,1,dga
a0tPSshoUMJC45r3lwwDCL2MpzZaBpebvQDB.tunnel.net,47,4.5023,3,0.474,2,tunnel
qcfusgv26bqx0fxmg.xyz,21,3.7842,2,0.907,1,dga
jd3d2t3uk2e0o.xyz,17,3.625,2,0.97,1,dga
9xpyux9g9jpuwl.top,18,3.2928,2,0.857,1,dga
amazon.com,10,2.5033,2,0.022,0,normal
linkedin.com,12,3.0958,2,0.009,0,normal
jujgyn9kwehbaxqjl1.org,22,4.0707,2,0.841,1,dga
yiPIniGBOGHt5NVdGxCNdUBJJhqiq0oAZY8ZoNP8TH.evil-c2.com,54,4.5105,3,0.481,2,tunnel
hw0dnen5kdpd09xermt6.org,24,3.969,2,0.871,1,dga
PSi7s5YinW08BwkDQ3dgruNGFUj3uXqfrG2i1Wq.evil-c2.com,51,4.7368,3,0.411,2,tunnel
an72dgsk3yig.com,16,3.7736,2,0.971,1,dga
ZthoXbJT7eUdaez2v99G1dJ9uAbHYfbGkx38o4.data-out.org,51,4.4356,3,0.423,2,tunnel
Qoed9tiGnJOj85eTsHlBa7KEOMwMeFqaW3kAmqT8sEKU.tunnel.net,55,4.3122,3,0.363,2,tunnel
j4ufmTKK5O47pEEMD8mQ6CcazpvjcEoQtAZRUFQ.evil-c2.com,51,4.449,3,0.457,2,tunnel
qfWZOCRoUnePfsyVMhFxBZMGnuHVYsZWBQmwCcYuDP9.tunnel.net,54,4.3756,3,0.386,2,tunnel
WS9E9iafGMsBy2WoNE0uUXdCXGPnSXWD5HE8lwmI4ia.evil-c2.com,55,4.5766,3,0.412,2,tunnel
xm4qnbggp4a5up4j.org,20,3.6421,2,0.831,1,dga
news.bbc.com,12,2.9219,3,0.029,0,normal
CKyFn8hWCn0tvYAr08dnJjnkuX4kknLsjOJM2lt7wkDW.data-out.org,57,4.4679,3,0.526,2,tunnel
wz5p45usc3ybagan1jbb.xyz,24,3.969,2,0.934,1,dga
Hvv5RwzxErgFXFFtVU337iSBP6MvxJRosklIx5Pqws9jx.tunnel.net,56,4.5671,3,0.309,2,tunnel
IQESO9U6p5r4YLvs11jzOWeoG3QZPuPuQEJ3rg.evil-c2.com,50,4.4961,3,0.472,2,tunnel
aqo85wD41Ff9GeUUAJRmL9XRlMqRTcURDMpVTxzw69.tunnel.net,53,4.5004,3,0.412,2,tunnel
jfIBuJdgDvgTU68OiUajQ0UfXPjJEYbjiEF5ZkxzjxTn9IAt.data-out.org,61,4.3802,3,0.362,2,tunnel
f30zvd73h9fmxkdwe.xyz,21,3.8219,2,0.879,1,dga
q18nzl8n7m0p5j.net,18,3.6901,2,0.919,1,dga
0osx4i3wpyw2j.org,17,3.75,2,0.978,1,dga
r0imgd49j6gu52yg.com,20,3.8924,2,0.807,1,dga
linkedin.com,12,3.0958,2,0.013,0,normal
apple.com,9,2.75,2,0.035,0,normal
ees677dv3b6d0x7.org,19,3.5724,2,0.925,1,dga
oa569bntiiv9a8fd33.com,22,3.9161,2,0.848,1,dga
XfpoI4D0lxaAs49HfWUNqYwdWkViSvSVEnVA4CKxRAObt.evil-c2.com,57,4.6015,3,0.429,2,tunnel
ul4mqio3dunrkzxgcq.top,22,4.1066,2,0.916,1,dga
news.bbc.com,12,2.9219,3,0.0,0,normal
0i2nauwarsbq.net,16,3.6402,2,0.937,1,dga
p33bt912pe0j.xyz,16,3.6402,2,0.937,1,dga
e3g9crmvfnhjrji.net,19,3.7255,2,0.868,1,dga
stackoverflow.com,17,3.5778,2,0.037,0,normal
a774mwmd2lt70pc1s.org,21,3.9842,2,0.969,1,dga
zNlcxk1jp04xrzVEXlVbETWhqo5h7klhEimCeEmAYSjeYYguV.tunnel.net,60,4.5515,3,0.477,2,tunnel
2nn4xvn5q7dwl.com,17,3.7028,2,0.811,1,dga
aujfxxknn3weeyj.top,19,3.7255,2,0.924,1,dga
reddit.com,10,2.9477,2,0.005,0,normal
mail.google.com,15,2.8731,3,0.002,0,normal
sBC6RBpSVZPcHSA55JCxRPnaCuMVvqdxyyPGhNTDv.tunnel.net,52,4.3415,3,0.455,2,tunnel
zettcj82kndh9cnve.top,21,3.7842,2,0.926,1,dga
login.yahoo.com,15,3.0851,3,0.024,0,normal
1k5mgesrffcd.org,16,3.5069,2,0.8,1,dga
T3Sshx66JEeDTNl4IoYMIFVnKaoQiBeQBhoL.tunnel.net,47,4.2589,3,0.463,2,tunnel
k4o66z94s3qrw.com,17,3.625,2,0.944,1,dga
api.github.com,14,3.4183,3,0.025,0,normal
oe7nm1nqn5tiwv1mg9.xyz,22,3.9754,2,0.905,1,dga
J3g3qtOAPivjIYKYllIM94VhS94NRYOwUPMmqxKsPGRL7iC.evil-c2.com,59,4.6156,3,0.487,2,tunnel
xv5jj3i1k0h59ftv4.org,21,4.0219,2,0.867,1,dga
lOpBip8IhuDmMmhgOaDJQaosfWr2Au1pXkr051IYwMPbhUuJo.tunnel.net,60,4.6058,3,0.513,2,tunnel
eCXC5MLy8kNNAiYHkNWLV7ZZc4AEB5sFz4gT6moRCdus8aADW.evil-c2.com,61,4.7083,3,0.36,2,tunnel
google.com,10,2.4194,2,0.021,0,normal
jignl5P8xehJa2zXNT8ECDVLEECFO0YcNM7PC.data-out.org,50,4.5637,3,0.538,2,tunnel
A80B65W9O9SNkSgNtOkdmJLgL9FHo7OIPe6gJBuE.data-out.org,53,4.5396,3,0.328,2,tunnel
github.com,10,3.1699,2,0.028,0,normal
WIDkegJhqnLKNv7WjjX48upvu9Kuyr4GGqao6ZNqCT9.data-out.org,56,4.62,3,0.325,2,tunnel
6d4ewq40l53hb3mp8.net,21,4.0219,2,0.806,1,dga
ezjo5kuz0wh1sex2.top,20,3.9321,2,0.979,1,dga
twitter.com,11,2.8464,2,0.047,0,normal
4IBpivL652dzsqJd0zswdXKlm4xCvhS4vgwzj3.evil-c2.com,50,4.5165,3,0.321,2,tunnel
BfLMhMEaDvMeaVSw4loFpCxkgakF80og0eWnOAkAGX5eMWI5fW.data-out.org,63,4.4551,3,0.412,2,tunnel
rnZAgVbopz8RW5CwxMWIBtGdqopI2RPd8pTsJE6q7LH.tunnel.net,54,4.6184,3,0.488,2,tunnel
RjpPt83tNtBK1YavqaXHFwr5SEiTjmvYtILQ0s0.tunnel.net,50,4.4515,3,0.336,2,tunnel
cdn.amazon.com,14,2.7516,3,0.031,0,normal
google.com,10,2.4194,2,0.048,0,normal
netflix.com,11,3.3219,2,0.039,0,normal
s2cefq35w7oo1dnq7.top,21,3.8842,2,0.96,1,dga
ywuerrjkts2u5i9zq.xyz,21,3.9219,2,0.864,1,dga
google.com,10,2.4194,2,0.048,0,normal
nwR9j96v690ALZ97S8G2w6ZWLCk0e53XHkhasv50PWtdd.evil-c2.com,57,4.7309,3,0.498,2,tunnel
twitter.com,11,2.8464,2,0.012,0,normal
dqu4xyafjehzhts7i3q.net,23,4.0958,2,0.89,1,dga
api.github.com,14,3.4183,3,0.003,0,normal
rTCmEoxHLgUfLTBHaNnAlmcnwvXKzEnn22ePz.evil-c2.com,49,4.2967,3,0.438,2,tunnel
UCdm3Rf8Ph7dZFzJMaspN7UeTjjiqazLbm8YvTRaa1.tunnel.net,53,4.4612,3,0.474,2,tunnel
udf8sp3171axjzvza50.top,23,4.0958,2,0.971,1,dga
youtube.com,11,2.9219,2,0.034,0,normal
fjrgmas4ep6pl627.org,20,3.8269,2,0.891,1,dga
amazon.com,10,2.5033,2,0.027,0,normal
oLmG5AhFw6kAyI94dL2BYZrD8kGEZB4RpqLCU0z5S0.evil-c2.com,54,4.7868,3,0.344,2,tunnel
aoWx3sYYcoWxY4A4carY71xCzJK2w1ceDQn4ykekb.tunnel.net,52,4.3362,3,0.328,2,tunnel
F4rhL89Amu89sGs1i2uk6gj53eCg5uVEakRBL4k.evil-c2.com,51,4.5835,3,0.461,2,tunnel
i5t7ldslsrii1py44v.top,22,3.6897,2,0.909,1,dga
netflix.com,11,3.3219,2,0.017,0,normal
google.com,10,2.4194,2,0.033,0,normal
IWwikSDbzpHvmxjz0sTfG1JiXSMU2KC4Vz8t7go.evil-c2.com,51,4.6397,3,0.41,2,tunnel
whatsapp.com,12,3.0958,2,0.007,0,normal
RKEoR6YFXsJWw1FY1c1ni51Je9NuvfYY4wvuTzFBimWG1IaxRu.evil-c2.com,62,4.6172,3,0.528,2,tunnel
LKcXl6fXKKXXOsrK3ATc6SstLFyp9fJJIoTvON.data-out.org,51,4.2629,3,0.357,2,tunnel
4bC3E4f4WsipNwZ1uc2vGGIc7uy1e3HQWUV9hjCcNih8VpftL.data-out.org,62,4.7587,3,0.393,2,tunnel
futyci2n1bwdwm8d0e.xyz,22,4.1066,2,0.973,1,dga
hbZYXntY1RMGozigbaayQ4VRPESNozIygYhaSOwQDVuN.data-out.org,57,4.3659,3,0.316,2,tunnel
tv48xeomsxqdotrl6hqs.net,24,3.882,2,0.802,1,dga
youtube.com,11,2.9219,2,0.031,0,normal
Rq1fWNQfdkSTZKIQaEToG7pjwXdh9dFLaO139Cxqlhb6MHsS.evil-c2.com,60,4.8014,3,0.515,2,tunnel
j6825har04jqr.com,17,3.75,2,0.974,1,dga
GPKx6zIqbhFEH3l5HPlWwLhwfEXuYbgDCdOKXJWQNCFIeKO.tunnel.net,58,4.4167,3,0.518,2,tunnel
facebook.com,12,2.8454,2,0.03,0,normal
wikipedia.org,13,3.1887,2,0.049,0,normal
x1nfei1vpje7yj43.com,20,3.9321,2,0.881,1,dga
lmGtlko0YoO079II2H48o9lhTt3iLSHq61ghpmj.tunnel.net,50,4.3614,3,0.408,2,tunnel
Vhx18UWLpS482Tu6AYukr33i7auuK9gpEuMS8X2O.evil-c2.com,52,4.6235,3,0.31,2,tunnel
29rpshaiq55jcs62gne.org,23,4.0049,2,0.98,1,dga
jms7cajz4rmgsoej.com,20,3.4316,2,0.897,1,dga
mail.google.com,15,2.8731,3,0.039,0,normal
um5WH0bEpOIJiwMk9g7Kdyneu2nXA2BrdLOFeeO53Z6XqaXq7.data-out.org,62,4.7757,3,0.464,2,tunnel
twitter.com,11,2.8464,2,0.04,0,normal
jb0Pax1hVrOwBNi4f6AkK76sJNg0tBWBrZcrs1l8oyPqt.data-out.org,58,4.7359,3,0.405,2,tunnel
amazon.com,10,2.5033,2,0.015,0,normal
nn3jw3s5e5yabw9.com,19,3.7255,2,0.876,1,dga
wikipedia.org,13,3.1887,2,0.035,0,normal
whatsapp.com,12,3.0958,2,0.021,0,normal
whatsapp.com,12,3.0958,2,0.038,0,normal
hon1bbGd4YHuB64fhdkdFbdDJ6YgKP6REFVoNBSop.tunnel.net,52,4.1918,3,0.324,2,tunnel
9cirp96tddwhhji0g.net,21,3.8219,2,0.869,1,dga
mntz2w99xayv.org,16,3.7736,2,0.925,1,dga
drive.google.com,16,3.182,3,0.036,0,normal
github.com,10,3.1699,2,0.02,0,normal
instagram.com,13,3.2516,2,0.037,0,normal
sl7ptsvcjjr8.com,16,3.5069,2,0.816,1,dga
YmK2ZuDcozVlYEGOu63hN4aHvkYxVoveoLcP9dYV8LD.evil-c2.com,55,4.3576,3,0.314,2,tunnel
stackoverflow.com,17,3.5778,2,0.043,0,normal
O48CrQ8s0mIvJ38qkhUHnFH56zit6W67Hsl4.tunnel.net,47,4.5082,3,0.476,2,tunnel
qlsu1qpjw97c0gn6.net,20,4.0374,2,0.829,1,dga
stackoverflow.com,17,3.5778,2,0.019,0,normal
u2k5612k7tvb9rcumz.top,22,4.0114,2,0.924,1,dga
facebook.com,12,2.8454,2,0.012,0,normal
QS2PvLHiim32LusZbhNUJG5DcvQNHGelGDIug85scMZlcgI.data-out.org,60,4.504,3,0.371,2,tunnel
mail.google.com,15,2.8731,3,0.007,0,normal
8f46qiyrnloe.com,16,3.7736,2,0.805,1,dga
3lpRnlQnj1GSo1GHlec9qgfEebY69li8nAz9oCg6oPX.evil-c2.com,55,4.537,3,0.381,2,tunnel
ll8x31iszza8rq.com,18,3.7345,2,0.914,1,dga
amazon.com,10,2.5033,2,0.023,0,normal
mGSl3rMMd2Exhhxt3WDI4GK50nu9qroYlCfSpiJiMScd.data-out.org,57,4.7172,3,0.448,2,tunnel
instagram.com,13,3.2516,2,0.024,0,normal
9s6fbher4e0rj9.xyz,18,3.7345,2,0.923,1,dga
netflix.com,11,3.3219,2,0.016,0,normal
AUsJY1HuD7wQezI1QlTFIjtBrLWRmEX4pjqLHB8MuxF.evil-c2.com,55,4.6991,3,0.512,2,tunnel
RyOgiMHSpnP34aeB89TUJTO7c06kJkCjPVEzh3Iuf4.evil-c2.com,54,4.7817,3,0.529,2,tunnel
instagram.com,13,3.2516,2,0.01,0,normal
instagram.com,13,3.2516,2,0.009,0,normal
apple.com,9,2.75,2,0.015,0,normal
microsoft.com,13,2.8554,2,0.041,0,normal
mail.google.com,15,2.8731,3,0.013,0,normal
lthsbol7bz47twv.top,19,3.4613,2,0.894,1,dga
facebook.com,12,2.8454,2,0.008,0,normal
wikipedia.org,13,3.1887,2,0.033,0,normal
S8VTSRe71JIGntngz22AQaMkPe85xGkbGhQnit6IQaoLo3k727.tunnel.net,61,4.5327,3,0.512,2,tunnel
h7r5s37vuxwknlpjf.top,21,4.1219,2,0.925,1,dga
tiMYgXAMPQm6xGWTHFjmi0goKGL0Njb2od2OrwXwiIRX37z8Oi.evil-c2.com,62,4.6362,3,0.414,2,tunnel
MrPOKlQ12iDHrOPRe2aDBuquFRzoinoPRHgSHLW36o.evil-c2.com,54,4.4909,3,0.472,2,tunnel
youtube.com,11,2.9219,2,0.027,0,normal
TT7J5f4tLrgZ3p0t58YiNXZlhweooGsRF88KbwR1JEGR.evil-c2.com,56,4.7591,3,0.438,2,tunnel
P2AZEeuojF7ck0JEo0gzsdsIroOehTcL5rV4LcwY43fTZ.evil-c2.com,57,4.6116,3,0.307,2,tunnel
github.com,10,3.1699,2,0.036,0,normal
0cyg43r32zt4d82xj.org,21,3.8219,2,0.821,1,dga
stackoverflow.com,17,3.5778,2,0.046,0,normal
twitter.com,11,2.8464,2,0.011,0,normal
cdn.amazon.com,14,2.7516,3,0.028,0,normal
e4q6s9afluvq0zfuhioe.xyz,24,4.0888,2,0.872,1,dga
j4RP60Y1JS56WFJP9i7PRlezpvkrygXa8s7FNPiiqfNUDE7W.evil-c2.com,60,4.8341,3,0.301,2,tunnel
jIF2TtvtXTy5JMCdBkuJVTb4ttekTB4FeesCKLXFgrCuhCz.tunnel.net,58,4.2117,3,0.352,2,tunnel
stackoverflow.com,17,3.5778,2,0.024,0,normal
5JGTAb9xC3Fnn4OB0Pfz3NVy38rR47OnB1T1gS.data-out.org,51,4.5173,3,0.528,2,tunnel
p5weqsdieoy64fg.org,19,3.8366,2,0.9,1,dga
w8rfj57ozqx16b0pm9c.top,23,4.2776,2,0.867,1,dga
bC67thhvBd0CKweYwp9UDTWOr3BWosAYiUaP3QUm0MxR.data-out.org,57,4.5402,3,0.344,2,tunnel
hyq9g6cibd2ii.net,17,3.7028,2,0.814,1,dga
youtube.com,11,2.9219,2,0.024,0,normal
S2NdzhvYbi5gzPnC4lG8rzqvh7eejqv3RHfd1C.tunnel.net,49,4.536,3,0.347,2,tunnel
apple.com,9,2.75,2,0.011,0,normal
iGBgsbdVdvEo5CvP6rt796HkzlnLnSTGe8LiOjZ.tunnel.net,50,4.3533,3,0.337,2,tunnel
c651zl2lw18csrd.org,19,3.7255,2,0.845,1,dga
youtube.com,11,2.9219,2,0.015,0,normal
5JJUoveePSVkMILWhey1U02ZLIdaEK1QebpRc.data-out.org,50,4.6292,3,0.441,2,tunnel
gtbn6ngncb6w3br.org,19,3.1552,2,0.924,1,dga
kG0f16L5BAwvWgGrOoKJV2EiOdduqYvLC55atjhoQD.tunnel.net,53,4.5344,3,0.322,2,tunnel
4m4jf6vzp2zxgseoc.top,21,3.9219,2,0.818,1,dga
7tjeapqu5azp07ttf.net,21,3.5219,2,0.853,1,dga
facebook.com,12,2.8454,2,0.033,0,normal
jsxo3u4yfzvwbvk3z6mc.com,24,4.0018,2,0.804,1,dga
youtube.com,11,2.9219,2,0.006,0,normal
cdn.amazon.com,14,2.7516,3,0.027,0,normal
t6phayxo79enkfa3ba.top,22,3.8802,2,0.873,1,dga
api.github.com,14,3.4183,3,0.012,0,normal
wIcAmvo8G6Bx25lwMGryBsJnFYLkpb4dan4KA.data-out.org,50,4.6292,3,0.474,2,tunnel
maps.google.com,15,3.027,3,0.022,0,normal
MBn5scR6inLfTffSljtg4J9Y78aaZyd0Of8OWidM.evil-c2.com,52,4.6884,3,0.495,2,tunnel
g08vkoxgskgxza.top,18,3.4548,2,0.894,1,dga
doYD9PFC35kb2HRtw1ndNj0vU3c1eYB5Pq9iF.tunnel.net,48,4.5263,3,0.393,2,tunnel
rloaf0merkr0924.com,19,3.5724,2,0.904,1,dga
instagram.com,13,3.2516,2,0.01,0,normal
yq4pbBfDRceFfqsPRDS0tl9EoExqrMymDsP.data-out.org,48,4.2783,3,0.472,2,tunnel
2ld35q9nkkcytr.com,18,3.8522,2,0.919,1,dga
google.com,10,2.4194,2,0.017,0,normal
stackoverflow.com,17,3.5778,2,0.039,0,normal
ul6s3ppzm8eefj9ne7o.net,23,3.914,2,0.844,1,dga
maps.google.com,15,3.027,3,0.027,0,normal
9H7r5PKQ0f7NrhNltxcZU3vLEqcr2sulHjkRLJJkFT.tunnel.net,53,4.2804,3,0.432,2,tunnel
mfyhw0gvbualdrs4eny.com,23,4.2776,2,0.97,1,dga
kqes991ye13lu5ahf.org,21,4.0219,2,0.923,1,dga
t9EIA7zVYLJlkkWNeF7GJrqRGYJ6KgwIi9VXTWLj9KqoQDdH2i.data-out.org,63,4.5203,3,0.515,2,tunnel
google.com,10,2.4194,2,0.005,0,normal
hI7cEd2Zbd9RjYIpTGm8lNps40C6TMTMLlbDHbfBRvoIT5.evil-c2.com,58,4.6153,3,0.327,2,tunnel
Zq3g6FbAGHFKGFTmFvPKm9YlCUztbVjbLVcvIn9ERTVSOtTI.data-out.org,61,4.5347,3,0.506,2,tunnel
CfxFoEWfhdKYC8Wmao9vsLgGnuJVgVU3BKrrZ0tCDV0Ti.data-out.org,58,4.6193,3,0.355,2,tunnel
7n6buri1iz4gj4.top,18,3.8522,2,0.917,1,dga
stackoverflow.com,17,3.5778,2,0.009,0,normal
GT2f93rRz3KkN32aq0JhaCP0SNDRr372dGIw311c3.data-out.org,54,4.4285,3,0.351,2,tunnel
USzeLnOSM3Q3gmyXSBJLDn7tXsxA4HVYBAcUjLkaZKCDiN.evil-c2.com,58,4.6106,3,0.54,2,tunnel
9ebld2m2i1s0k.net,17,3.75,2,0.965,1,dga
DlUEnbVqQkqCzf9DV5bt7nsyKVtiUrFSDBq4jAbGtw1zEQwJfO.data-out.org,63,4.603,3,0.431,2,tunnel
7qd8hq1igjdou8ivhpes.net,24,4.0018,2,0.833,1,dga
apple.com,9,2.75,2,0.009,0,normal
X5z8gs2G7u31VV1UslOzKp53wlsPCePf2obywkClfZq.data-out.org,56,4.671,3,0.417,2,tunnel
on5cdqqjj9zhd9fqc.top,21,3.5842,2,0.961,1,dga
netflix.com,11,3.3219,2,0.049,0,normal
relczxjian4yxx.com,18,3.6901,2,0.802,1,dga
CaAVYCPJ7CRhtjCbyz8OUgZIODprEu8RUo5sn.data-out.org,50,4.2857,3,0.512,2,tunnel
wvbknu6qc52riu.com,18,3.8522,2,0.881,1,dga
linkedin.com,12,3.0958,2,0.015,0,normal
UMQ2ARdGmcZ2gWrJW9Iqb2DK2GlpKIWMb1dqdXtlrix.data-out.org,56,4.3449,3,0.36,2,tunnel
x2dh27x2uqqjc3b43wzg.top,24,4.056,2,0.858,1,dga
facebook.com,12,2.8454,2,0.032,0,normal
fCZWFIb7fckXVcCazn8NP7eSy5ue61B0Lr7L2dlrpSOVGzA.evil-c2.com,59,4.6876,3,0.307,2,tunnel
ufhri5lssxyat5zemo2.net,23,4.0958,2,0.836,1,dga
nqr9wi53gmbda5va8to.xyz,23,4.2776,2,0.888,1,dga
jeqmpoxsalylke6.top,19,3.7255,2,0.805,1,dga
twitter.com,11,2.8464,2,0.004,0,normal
TCDw1fLXDduytQXZFpgI9Jp7MqeIOE1YZhKLtilKRgZJz47uND.tunnel.net,61,4.5077,3,0.322,2,tunnel
5y6kfrupwu1tbi.com,18,3.9698,2,0.9,1,dga
cdn.amazon.com,14,2.7516,3,0.044,0,normal
twitter.com,11,2.8464,2,0.037,0,normal
z24h7z4vjk1sqnkg.net,20,3.8269,2,0.8,1,dga
fhuiqwve0WctA7NTZcXLvZgHL7QbV30dd3CbY.data-out.org,50,4.5221,3,0.378,2,tunnel
qkczfxdy02lbzm.top,18,3.9698,2,0.922,1,dga
QmQhVbS1fpLItROetnqzfFsCChznN39JRnRvWv.data-out.org,51,4.5327,3,0.379,2,tunnel
ylh9wjd89utzucedmel6.com,24,3.9149,2,0.867,1,dga
9I2fslNWiDTYqdiKAikPi6sc19Tev5ta21ko8yXyF4Yub523dB.evil-c2.com,62,4.6981,3,0.374,2,tunnel
tz5ld9i08z8np.xyz,17,3.5778,2,0.964,1,dga
facebook.com,12,2.8454,2,0.003,0,normal
9tbdqjqj3k92e.top,17,3.5,2,0.954,1,dga
vYrrqCA4mgBAXHj836vXtvHTymxrAbycSuBvY1TtuDuQUc.evil-c2.com,58,4.4682,3,0.374,2,tunnel
whatsapp.com,12,3.0958,2,0.003,0,normal
whhfvm87dgxw5s4xqah.xyz,23,3.9363,2,0.921,1,dga
whatsapp.com,12,3.0958,2,0.021,0,normal
do1hkg3qiu8cj.com,17,3.75,2,0.967,1,dga
sl876mw2r7vt2al.org,19,3.7255,2,0.969,1,dga
vaxph13iqsc8eitmcs4.net,23,4.0049,2,0.862,1,dga
facebook.com,12,2.8454,2,0.049,0,normal
CgFaETkFaqlm9fsYHnltBexlcukLBG42J5eK8BrF5y.data-out.org,55,4.5389,3,0.493,2,tunnel
6SZHvuY712S54wPYzoPPTAR9AnoUalxZfaNRBsQ8wHc.data-out.org,56,4.6431,3,0.416,2,tunnel
3vUqkVh7JNA0BZTCnhghhxTD2wBDIziiLFj.tunnel.net,46,4.3602,3,0.488,2,tunnel
netflix.com,11,3.3219,2,0.033,0,normal
whatsapp.com,12,3.0958,2,0.044,0,normal
login.yahoo.com,15,3.0851,3,0.007,0,normal
8sIvWqjLrsXGzOg2R1lcC2OL4hVvo0R7p6e1.data-out.org,49,4.5785,3,0.379,2,tunnel
youtube.com,11,2.9219,2,0.015,0,normal
f8qoh0ree0yvsloqn.net,21,3.6842,2,0.818,1,dga
sWp5TljdwEtCBuWxerRahZxsuPCVf2fnYwE.evil-c2.com,47,4.5141,3,0.365,2,tunnel
youtube.com,11,2.9219,2,0.019,0,normal
google.com,10,2.4194,2,0.007,0,normal
ti9xk523ppr8t.xyz,17,3.625,2,0.837,1,dga
sgqkpwny8h5mzlvhpkpl.xyz,24,3.882,2,0.804,1,dga
APa383OOEoM41jJGOxHHY9FX3QR0zg5XTVcRBLvoxGtZW.evil-c2.com,57,4.6808,3,0.448,2,tunnel
yh6lprbjbpmi2f.com,18,3.7345,2,0.976,1,dga
4gtl6dsrjfap7d.com,18,3.9698,2,0.905,1,dga
netflix.com,11,3.3219,2,0.016,0,normal
fzKcL4CsFdHz00syhRTxhRxV2JcFXkAfaSwvz3.data-out.org,51,4.4048,3,0.539,2,tunnel
q1fav6zs8w1kuo48a3wk.top,24,4.0018,2,0.853,1,dga
netflix.com,11,3.3219,2,0.017,0,normal
j89srd0luw8m7az886v5.xyz,24,4.0888,2,0.83,1,dga
netflix.com,11,3.3219,2,0.022,0,normal
xun7em87n8yb2us.com,19,3.6144,2,0.916,1,dga
ok39mhz9iuj5w6s3l8a.com,23,4.0958,2,0.898,1,dga
jXUMiohKyTmgo482JeSVIYhRXt6zvfAtozNBbVyaKp8Je.tunnel.net,56,4.521,3,0.543,2,tunnel
ckNJCILacY3sn8C6IPjbucqNiTrVKCCSbgKsR.evil-c2.com,49,4.2611,3,0.446,2,tunnel
hzheLbEUtZ6JDsO6gl0gtzTniHXcc8xQk83D.tunnel.net,47,4.2502,3,0.522,2,tunnel
wikipedia.org,13,3.1887,2,0.014,0,normal
ggs2wrhgl87lu2.org,18,3.2639,2,0.915,1,dga
api.github.com,14,3.4183,3,0.01,0,normal
4gmduru2uvsrgms6.com,20,3.4316,2,0.965,1,dga
news.bbc.com,12,2.9219,3,0.003,0,normal
Z92bh5qIs6inCVKO7Ijh2JvlSh5zrH3xiwFnDOuembjy.evil-c2.com,56,4.6552,3,0.396,2,tunnel
microsoft.com,13,2.8554,2,0.021,0,normal
n663e289kc55h.net,17,3.5,2,0.908,1,dga
news.bbc.com,12,2.9219,3,0.048,0,normal
wikipedia.org,13,3.1887,2,0.022,0,normal
drive.google.com,16,3.182,3,0.015,0,normal
wikipedia.org,13,3.1887,2,0.049,0,normal
amazon.com,10,2.5033,2,0.035,0,normal
tmoxp0yzrey1ktb36.xyz,21,3.7842,2,0.892,1,dga
whatsapp.com,12,3.0958,2,0.021,0,normal
87lc2x89lbzuf5i6.org,20,4.0374,2,0.846,1,dga
ff93OOgDXD9TQcBuoDM0EInCt1ymM6sAJ5yCyi.tunnel.net,49,4.4369,3,0.486,2,tunnel
wvqhh4zbva9vm.org,17,3.5778,2,0.818,1,dga
api.github.com,14,3.4183,3,0.011,0,normal
1e2l140vf4hi.com,16,3.6402,2,0.864,1,dga
q4Bi8TXN7Ssb5pXkQAPFJnIwtBC921rpYDznHNZiJ.tunnel.net,52,4.5655,3,0.466,2,tunnel
4ylzvkqu30jwr2apnw.net,22,4.2018,2,0.974,1,dga
beVGktrKKiOeKYsmW2eLPtUCMLOJTRdxLp4tdhJf9zus.data-out.org,57,4.558,3,0.354,2,tunnel
inaq9daaipte.com,16,3.4566,2,0.802,1,dga
vw9ghzxgvovctejt.net,20,3.5369,2,0.932,1,dga
instagram.com,13,3.2516,2,0.034,0,normal
google.com,10,2.4194,2,0.037,0,normal
Pge9GKWFGCXlXOyE84lafQ8KoZQebKx69sIsB.tunnel.net,48,4.4065,3,0.335,2,tunnel
EjFhukrtqYZOD4IhbAUE69WKdstAxidimNIF3IEPILo2Kp.data-out.org,59,4.6088,3,0.459,2,tunnel
nfT4eey3lApL6lMSWQCL0VubcfODSNCJgrJ6pM8sCKzdVDPEI.data-out.org,62,4.7314,3,0.344,2,tunnel
twitter.com,11,2.8464,2,0.032,0,normal
XoBVLqrg9XPd0EWhPBuiLQpCahBvsTPMaGv8a22kF.data-out.org,54,4.5584,3,0.371,2,tunnel
whatsapp.com,12,3.0958,2,0.019,0,normal
J7mz5cviEgUHCa5krR1yBl0jDb8bSTyJKN7pQDT.tunnel.net,50,4.5794,3,0.361,2,tunnel
login.yahoo.com,15,3.0851,3,0.033,0,normal
FKnAA9PjIdgbayYjqjbSsOEMqRM7w9GvN7x9.data-out.org,49,4.4774,3,0.508,2,tunnel
yxzyxfgo5e11bs.net,18,3.6169,2,0.88,1,dga
7a05bjoo74xuvw.xyz,18,3.7345,2,0.922,1,dga
github.com,10,3.1699,2,0.003,0,normal
microsoft.com,13,2.8554,2,0.022,0,normal
shtotnba89m3y.org,17,3.75,2,0.831,1,dga
netflix.com,11,3.3219,2,0.02,0,normal
6TpcUXTJtU7Ic6L2ETKIgSjFyM4r0LsqA2cMVRWM.evil-c2.com,52,4.5264,3,0.53,2,tunnel
drive.google.com,16,3.182,3,0.003,0,normal
api.github.com,14,3.4183,3,0.021,0,normal
Q7Sa86BnvFWJ1NaFl8jj2B1a9maw5TGorIHbA3get4.data-out.org,55,4.6209,3,0.538,2,tunnel
api.github.com,14,3.4183,3,0.031,0,normal
rtn9ob7e1dy7k7z0jpu3.org,24,4.1429,2,0.908,1,dga
ToSvHC0ZRdL9uAHH1xKm2zgUNlzyiM7Id1eL.evil-c2.com,48,4.5285,3,0.433,2,tunnel
SUcfDBT9ng98ZG4u1XcYQvGuqICj9vGMAtcmLcFQhB.tunnel.net,53,4.3956,3,0.486,2,tunnel
maps.google.com,15,3.027,3,0.035,0,normal
youtube.com,11,2.9219,2,0.045,0,normal
stackoverflow.com,17,3.5778,2,0.03,0,normal
9F0jRffql4ps7oZH0X10RDqQHYC3oKOhAY25guRiMb.tunnel.net,53,4.8237,3,0.307,2,tunnel
news.bbc.com,12,2.9219,3,0.003,0,normal
zlvy3fGtfeO1bk1MV5aGoEFpo3bcrVhM1vk7DUVChU.evil-c2.com,54,4.4595,3,0.45,2,tunnel
i2STs3MZw2PeuskHZxBopOR1bPKzuLAEXBLuHzTEtANIyu1.data-out.org,60,4.4401,3,0.423,2,tunnel
VzjtavamMYW1nEdlKNWoqvGvtwGvTvitvEex1t97KUW.evil-c2.com,55,4.3248,3,0.395,2,tunnel
maps.google.com,15,3.027,3,0.027,0,normal
twitter.com,11,2.8464,2,0.045,0,normal
xfujvt4uwi7upawk8.org,21,3.9842,2,0.8,1,dga
netflix.com,11,3.3219,2,0.032,0,normal
twitter.com,11,2.8464,2,0.002,0,normal
apple.com,9,2.75,2,0.037,0,normal
3bf163yz25u4gq2jslu.net,23,4.1867,2,0.869,1,dga
github.com,10,3.1699,2,0.025,0,normal
5f0fs1sl7v5cb.net,17,3.625,2,0.958,1,dga
linkedin.com,12,3.0958,2,0.021,0,normal
amdc0oud0h4ThqIZwDxGX1H4LQknkIKVmiGnnHzL5ewFozPoOX.data-out.org,63,4.5611,3,0.465,2,tunnel
CtluLTv8ElCx8JGl2nQDdyDkor2eQ827w4DKMC.evil-c2.com,50,4.3198,3,0.442,2,tunnel
google.com,10,2.4194,2,0.02,0,normal
apple.com,9,2.75,2,0.028,0,normal
r6uj8qzb98hqeq.xyz,18,3.5725,2,0.974,1,dga
twitter.com,11,2.8464,2,0.001,0,normal
apuhvtpqpkexa6b04hm4.xyz,24,3.969,2,0.896,1,dga
whatsapp.com,12,3.0958,2,0.018,0,normal
pETSPK6ncKNQe2DsirQFf7PLYxXp6BMVK1wX93x.data-out.org,52,4.7337,3,0.437,2,tunnel
ego8t907s8bv.xyz,16,3.7736,2,0.944,1,dga
whatsapp.com,12,3.0958,2,0.017,0,normal
netflix.com,11,3.3219,2,0.023,0,normal
1cjmabidmqdmnr.top,18,3.6901,2,0.828,1,dga
8TWuqLCrLWY3pJHVi5BjKgYUUb0UZyDPz4k1r.evil-c2.com,49,4.6979,3,0.346,2,tunnel
microsoft.com,13,2.8554,2,0.015,0,normal
zcz7xyzslivah.org,17,3.7028,2,0.89,1,dga
drive.google.com,16,3.182,3,0.006,0,normal
whatsapp.com,12,3.0958,2,0.036,0,normal
5VfeJCDkplK4cLk6kExMLp60qDFIJCEbhadnPZ4Kf5X.evil-c2.com,55,4.4169,3,0.375,2,tunnel
whatsapp.com,12,3.0958,2,0.018,0,normal
drive.google.com,16,3.182,3,0.046,0,normal
12xpue5z2zzdzhpmsl.com,22,3.7257,2,0.979,1,dga
vr0e1fib2koibl9n.org,20,3.8269,2,0.858,1,dga
ai7b8znnd75xtu3.com,19,3.9477,2,0.874,1,dga
tB1RPNM58ddm9LYsIrEZ0Pu11GoNOXqThmhWoZ.evil-c2.com,50,4.6942,3,0.417,2,tunnel
5d63h7z4pu3qrarkaf.xyz,22,4.0114,2,0.939,1,dga
Aa0rbISkDpjgwLxLTDQWKUZKbhuhuOycqstMairib0EK7Zn.data-out.org,60,4.5583,3,0.338,2,tunnel
Lml8BH4kBjaNar1XEO8vAKfUSXLMUPIA5wASL.data-out.org,50,4.4774,3,0.354,2,tunnel
netflix.com,11,3.3219,2,0.012,0,normal
mail.google.com,15,2.8731,3,0.037,0,normal
news.bbc.com,12,2.9219,3,0.041,0,normal
msb5unthq4gqz1h.top,19,3.8366,2,0.918,1,dga
R25swR0jWHH4imQlCNt1gCHhH7qHm0He9REi3yoY1uX.tunnel.net,54,4.4473,3,0.483,2,tunnel
1U5buKW2991tln7sO7rom2306v6XZvdfhQmty6jn0qnGWe.data-out.org,59,4.8458,3,0.533,2,tunnel
mail.google.com,15,2.8731,3,0.039,0,normal
twitter.com,11,2.8464,2,0.015,0,normal
UOhX5uPhCr0Ysj4f1uhmb3vpEoWyLy1agzOuDw6DTKvvLy.data-out.org,59,4.6576,3,0.463,2,tunnel
pv3ymyo59gydsg04.com,20,3.6819,2,0.972,1,dga
1lgdume20uildcgwea.xyz,22,3.9161,2,0.919,1,dga
tltup0xl8j8evu91c42.org,23,4.0958,2,0.947,1,dga
Wz0NMi6tdT4D5KJYqalYzafoGDoGeCBZrlOYHAL6e4D.tunnel.net,54,4.4501,3,0.464,2,tunnel
ss8zca2fc5j6f7746n.org,22,3.9161,2,0.927,1,dga
k16TmuuxfEinYq9EMNjegPkZceaK7Wt69EIdAm3.data-out.org,52,4.5264,3,0.476,2,tunnel
whatsapp.com,12,3.0958,2,0.046,0,normal
drive.google.com,16,3.182,3,0.022,0,normal
instagram.com,13,3.2516,2,0.007,0,normal
NjkiGNtOUBDibqp07t6bIg0LIPyqkqtbYR9CWoqzjzANC.evil-c2.com,57,4.5836,3,0.413,2,tunnel
instagram.com,13,3.2516,2,0.028,0,normal
facebook.com,12,2.8454,2,0.049,0,normal
XNZUeMF8OGArL9xmgvSWbE7hRSxpT2DHmy2buiYtO.data-out.org,54,4.5749,3,0.479,2,tunnel
zHMIEpWa5C1ukdpcIokkRzd8klr7s2V5HJoARc2QpB6.tunnel.net,54,4.6663,3,0.463,2,tunnel
Gb0PZ5INAfPgihja2oDDsD9NG2GDvqyWpFVYhdeN0Y.data-out.org,55,4.4423,3,0.44,2,tunnel
pmv3abiok0jfwkfzru3.com,23,4.0049,2,0.927,1,dga
UNxaxplLbkEQvCXLdYElyE6WZjAUhdEN9wAC.data-out.org,49,4.4083,3,0.493,2,tunnel
fXeuFWMNkgRDha0NdZfUK4wn6sAa0nwWlVb9elpaWJX.data-out.org,56,4.507,3,0.462,2,tunnel
13tpjne214optjznq.top,21,3.4464,2,0.969,1,dga
maps.google.com,15,3.027,3,0.001,0,normal
rk4rmppdatkzjjttqv.xyz,22,3.6897,2,0.969,1,dga
sojmkcBXa00lNni0KyBTyA1PBPaBcq9z4UfY.data-out.org,49,4.5199,3,0.428,2,tunnel
3ee2m26ynwe5f.com,17,3.4528,2,0.89,1,dga
mz8tie1nd2wpa11.net,19,3.5724,2,0.808,1,dga
ow67ha346w4iyr39m61.com,23,3.7888,2,0.858,1,dga
DgPgQUPIPdhyUzKA6ZwBDPkagWzZCybPvPY9JKP.data-out.org,52,4.1655,3,0.491,2,tunnel
40le2gwnmi1cw8feuwq0.top,24,4.1429,2,0.891,1,dga
qk6gj7h1bcgg9snalq04.xyz,24,4.2299,2,0.849,1,dga
u5shlmau0r879.org,17,3.75,2,0.871,1,dga
ISufUTAPdJzqvZZ3Hh1zQdEi8huuzyl9PNqDE13A9ubrxZxNYm.data-out.org,63,4.5654,3,0.348,2,tunnel
5s3MdHRhv9EbXYfoRNQSVe2iDwpRCzTbHlWvPe.tunnel.net,49,4.4774,3,0.372,2,tunnel
google.com,10,2.4194,2,0.042,0,normal
rdEN9UtN5FnaYXx28Fhti4KADJiNAH0Ki30HjsVPQS9y.evil-c2.com,56,4.764,3,0.39,2,tunnel
rehf4g7188hwy65m.com,20,3.9321,2,0.88,1,dga
l118y739784h54y.com,19,3.6144,2,0.809,1,dga
Y5GxkhDXUULmGbtUdMCZ47AUyCF4Vs1Yty36s5LlbcUb.data-out.org,57,4.4716,3,0.509,2,tunnel
Lkhvn770yfbmxyTG6L1C9CpthDsEFn93NRvrNm.tunnel.net,49,4.3809,3,0.453,2,tunnel
w1Ohab1qu2zQSmkCJIE8Bm5AOgaTMpbf1wqLlPcMfAyeN6S.evil-c2.com,59,4.6375,3,0.4,2,tunnel
q0kb1v73cezgifw3kc94.xyz,24,4.1757,2,0.86,1,dga
mb4ug5ubtgnth.top,17,3.3278,2,0.98,1,dga
microsoft.com,13,2.8554,2,0.04,0,normal
amazon.com,10,2.5033,2,0.025,0,normal
Ii3Do6xaRxlO8Jd182XEHWw4ijREqU1AqL9gkW2rW.data-out.org,54,4.4261,3,0.388,2,tunnel
github.com,10,3.1699,2,0.012,0,normal
j09gAVYdFeHtcOqQKzj7Y6fv6HJhPaJpJ87XfZy3LcwZio5.tunnel.net,58,4.6843,3,0.357,2,tunnel
m27qf0sgb51ni.xyz,17,4.0,2,0.862,1,dga
322hybqf0b1cowllg3hh.com,24,3.7951,2,0.945,1,dga
DNtNtFgh0QFefXZFo9jLlbkeNDOu55DEGRDu9aQYjjuGV5.evil-c2.com,58,4.6059,3,0.437,2,tunnel
4cr0L54cfJsI82may9BIqISZO7uEnEBab3t4didcuDjml1ohB0.evil-c2.com,62,4.7111,3,0.374,2,tunnel
microsoft.com,13,2.8554,2,0.048,0,normal
stackoverflow.com,17,3.5778,2,0.038,0,normal
3qtWwwDC5a4sSGPoJV1ZtsX3na5nzPgAFVIEtiQSVf4.data-out.org,56,4.4542,3,0.501,2,tunnel
iywhex6snxcm0q.net,18,3.7345,2,0.898,1,dga
xd3FTZKusOrzekrr4bsiT2EqWFs0Yf4l0HDxIVF3s5wn.tunnel.net,55,4.4684,3,0.469,2,tunnel
l1o5cb1bjxvnguv4.com,20,3.7216,2,0.91,1,dga
microsoft.com,13,2.8554,2,0.022,0,normal
KINSS7pgLeWR8QBVAmiIoxSyFPj2BIIjcxRzAW.tunnel.net,49,4.552,3,0.429,2,tunnel
197d8kjw6l6o7.xyz,17,3.75,2,0.886,1,dga
xhy9kb4z711c.xyz,16,3.3736,2,0.979,1,dga
sxG5EIYM6b12MEkMKygPpwqnpZYn0esOA8hTqHRcRnN1dvgC5.data-out.org,62,4.7396,3,0.405,2,tunnel
cyzmz0w5ocl15o.org,18,3.4548,2,0.87,1,dga
reddit.com,10,2.9477,2,0.0,0,normal
xkxufqcbswg3ku.top,18,3.7345,2,0.94,1,dga
fk8iupfphlwo.org,16,3.5069,2,0.863,1,dga
2PXN1VHiHrbzXzQWqrsoYLsLGIuSJFevRXCthQu05ow.data-out.org,56,4.671,3,0.546,2,tunnel
f9jz4c95rgerez5cek.net,22,3.5352,2,0.932,1,dga
ktzjgttl0od08qlv.com,20,3.6819,2,0.961,1,dga
95TKpn8s90aUMT2iLRhX6klAYdvVbVQbKklP8P3t8SXTz2sN.tunnel.net,59,4.4971,3,0.519,2,tunnel
jn1fs900bin0wkc.org,19,3.7947,2,0.868,1,dga
linkedin.com,12,3.0958,2,0.039,0,normal
maps.google.com,15,3.027,3,0.003,0,normal
reddit.com,10,2.9477,2,0.02,0,normal
github.com,10,3.1699,2,0.022,0,normal
linkedin.com,12,3.0958,2,0.024,0,normal
instagram.com,13,3.2516,2,0.005,0,normal
login.yahoo.com,15,3.0851,3,0.032,0,normal
wikipedia.org,13,3.1887,2,0.015,0,normal
wikipedia.org,13,3.1887,2,0.049,0,normal
facebook.com,12,2.8454,2,0.001,0,normal
y7hfxrm4zyixf8vk.top,20,3.9321,2,0.906,1,dga
5z6IHG6ApxemzPwe5ct33nvSjHCmFIR2lqicGiuP5Mm.tunnel.net,54,4.4501,3,0.454,2,tunnel
81X4yMhqAZ6WfFtBPdQjhVrqhWt6T8nmuFM.evil-c2.com,47,4.6692,3,0.374,2,tunnel
login.yahoo.com,15,3.0851,3,0.014,0,normal
MSwGrMBk9Hnj16zGii8JplHmYQXmJjtlzhIW2jvA6.tunnel.net,52,4.5113,3,0.312,2,tunnel
stackoverflow.com,17,3.5778,2,0.008,0,normal
microsoft.com,13,2.8554,2,0.011,0,normal
ZQgTIrMp0sokyJ6nu52imMT8ZZZnb9aGHYiHt63vqPNH.evil-c2.com,56,4.7129,3,0.428,2,tunnel
2rAYJS3U6Qug2GzRoivkW5xTcx0YCzhUO6bKrWVBPF7QCB9.tunnel.net,58,4.8114,3,0.378,2,tunnel
google.com,10,2.4194,2,0.025,0,normal
v3upy3rzh5kfgowqn.com,21,4.1219,2,0.855,1,dga
zyLEs8JYE9YvLfX4rWLnibSW7vi37wSq71Rm9UKcLrErQv.tunnel.net,57,4.4542,3,0.474,2,tunnel
api.github.com,14,3.4183,3,0.001,0,normal
EGnTUzOwvGY9loDxdbWZszrnUmSuQb0JJhaozBgw.evil-c2.com,52,4.5835,3,0.448,2,tunnel
icjdU8hNVmLYTawRoYXMQGtl1WUa6Ax15EmkPpceZaaaT.evil-c2.com,57,4.6218,3,0.311,2,tunnel
52zgsxt1vda5puklo.com,21,4.1219,2,0.875,1,dga
nfx6wuoqp449m.xyz,17,3.75,2,0.951,1,dga
GOyAUi34THlE5Mp00h7PzBeWVn3U82lJpgrKsOn.evil-c2.com,51,4.7776,3,0.32,2,tunnel
1d18alhw3ks1p5qfqd.top,22,3.8802,2,0.803,1,dga
github.com,10,3.1699,2,0.002,0,normal
github.com,10,3.1699,2,0.021,0,normal
youtube.com,11,2.9219,2,0.048,0,normal
16w8fyrz178d.org,16,3.5069,2,0.904,1,dga
5k6wzw1yj7t40b97.top,20,3.9321,2,0.926,1,dga
q5qdz6yxroy5y4.net,18,3.5725,2,0.854,1,dga
71qlfxlp2294.top,16,3.5069,2,0.957,1,dga
4gk3q3uj72a2m107y9lj.top,24,4.1757,2,0.974,1,dga
instagram.com,13,3.2516,2,0.034,0,normal
k4kni5hrqu1nqo34zd.xyz,22,3.9161,2,0.876,1,dga
maps.google.com,15,3.027,3,0.021,0,normal
uO5Flbosfc83hgx2i9M5jTvFdImWzZzGsETlNgI0Ft02n2Hew.tunnel.net,60,4.496,3,0.402,2,tunnel
facebook.com,12,2.8454,2,0.005,0,normal
wikipedia.org,13,3.1887,2,0.005,0,normal
login.yahoo.com,15,3.0851,3,0.036,0,normal
NYtSCuT2ZqNyKjW6e9vTLx1mYm2HC6gWqi9HO6Q.evil-c2.com,51,4.5019,3,0.376,2,tunnel
apple.com,9,2.75,2,0.004,0,normal
oVixRSJzIfPvt8wtoOOGd31M6khNekvBfYtQ53qhUJOsqBI.evil-c2.com,59,4.7624,3,0.335,2,tunnel
X59aWiZDnv2TpmvNobUzh0a1OixgZkVESFXAgASDllv8lUW.data-out.org,60,4.6029,3,0.382,2,tunnel
ZheWedNLh0EXyhKS5IuGjTQnK7dV0nWveBrXTgKpxs56KbFTL.data-out.org,62,4.6838,3,0.542,2,tunnel
qvcb36aobsq890vjhej.net,23,4.0049,2,0.835,1,dga
ocrwtubg2tjd24z5e.xyz,21,4.0219,2,0.868,1,dga
ZAo3oGwJA0izxEQrSCy4ehFzIWBXy2kTPikm8XO.tunnel.net,50,4.6573,3,0.463,2,tunnel
cdn.amazon.com,14,2.7516,3,0.011,0,normal
reddit.com,10,2.9477,2,0.016,0,normal
90kvaxsjevswir7ngq.com,22,4.2018,2,0.977,1,dga
LvSrP3N2Kkve3UqP0lwpYiK3AWGPKa1VubjD7npADBtZE53OIS.data-out.org,63,4.603,3,0.385,2,tunnel
SvfC8SvWedSGEPiNouvtvZTJrOUgVgAfFsY.data-out.org,48,4.135,3,0.308,2,tunnel
z5zyf5jkrt7vh71xtrdi.top,24,3.969,2,0.958,1,dga
maps.google.com,15,3.027,3,0.042,0,normal
google.com,10,2.4194,2,0.005,0,normal
0510d2d9nc1rt.org,17,3.5,2,0.888,1,dga
RO0EPTKySPRRSCZ7arqkjSAkeIFTcXAADQjZY1v1z0fBN.tunnel.net,56,4.4537,3,0.317,2,tunnel
ertgcxwmjj0nsj3zw.net,21,3.6842,2,0.839,1,dga
0IEKuWDPhYHS5FViJk3XnvtAQ46OazqpJdeDT9Iuto.data-out.org,55,4.6125,3,0.49,2,tunnel
uukud197khfz.xyz,16,3.3232,2,0.931,1,dga
9PXw3pNxirPCjWN8hSendALHXRHo1uqXttqhnm.evil-c2.com,50,4.5118,3,0.525,2,tunnel
Pi02VJaY3iiNqDNRMicBzhcx1Z1ol8Cwj37kyPgCZaZr.evil-c2.com,56,4.623,3,0.512,2,tunnel
4VhuPJlZINVdGIooDAwgsA7TtMFusQxpOH8a.evil-c2.com,48,4.6048,3,0.442,2,tunnel
yNHg5bb6k75wNDf7hTsMsv0vlthOSevIZTG.evil-c2.com,47,4.5082,3,0.318,2,tunnel
h0qcgzisde2ccm9576sz.top,24,4.1429,2,0.833,1,dga
stackoverflow.com,17,3.5778,2,0.027,0,normal
reddit.com,10,2.9477,2,0.048,0,normal
adhkmfsrlsisk.org,17,3.4528,2,0.807,1,dga
cdn.amazon.com,14,2.7516,3,0.007,0,normal
dp71gmirq5k12snwuka.net,23,4.1867,2,0.869,1,dga
mail.google.com,15,2.8731,3,0.041,0,normal
youtube.com,11,2.9219,2,0.02,0,normal
tyt15guikmkcpl6ft.net,21,3.8219,2,0.804,1,dga
0h76il3jtunk.com,16,3.9069,2,0.942,1,dga
whatsapp.com,12,3.0958,2,0.04,0,normal
maps.google.com,15,3.027,3,0.036,0,normal
mtoyjmznd4ztqi7p2odw.com,24,3.8492,2,0.937,1,dga
maps.google.com,15,3.027,3,0.006,0,normal
kfxScfejUjn3508p5UKYb7aZefS5sKfSQeQ1gm9t92f4sc1.evil-c2.com,59,4.7324,3,0.459,2,tunnel
linkedin.com,12,3.0958,2,0.02,0,normal
api.github.com,14,3.4183,3,0.002,0,normal
bb0lrFw4IPyEYBwqmGcVxWmIwOtZM2UebmDwJkzQJ2tuKLOP.data-out.org,61,4.5883,3,0.319,2,tunnel
PaQcPtoiYHrD0F0dso2KswTFgRTGvPMdtOa5cxO3HzLPbaO.evil-c2.com,59,4.5869,3,0.423,2,tunnel
netflix.com,11,3.3219,2,0.009,0,normal
api.github.com,14,3.4183,3,0.024,0,normal
9bjpdgr151of9tyc.org,20,3.7216,2,0.959,1,dga
github.com,10,3.1699,2,0.014,0,normal
api.github.com,14,3.4183,3,0.049,0,normal
mail.google.com,15,2.8731,3,0.01,0,normal
google.com,10,2.4194,2,0.05,0,normal
apple.com,9,2.75,2,0.038,0,normal
login.yahoo.com,15,3.0851,3,0.049,0,normal
microsoft.com,13,2.8554,2,0.036,0,normal
amazon.com,10,2.5033,2,0.05,0,normal
5a7iixkj69ceban.top,19,3.9477,2,0.904,1,dga
instagram.com,13,3.2516,2,0.004,0,normal
github.com,10,3.1699,2,0.0,0,normal
v1cf2rskkn95x9e.xyz,19,3.8366,2,0.862,1,dga
