ja3_hash,sni_present,tls_pkt_size_std,packet_rate,flow_duration,bytes_per_sec,label,label_name
c86c1a48e4a6acb28cf8c12c61c54c33,1,205.88,5.46,67.97,19575.39,0,normal
be514ec443406ef7f47d83051978f915,0,18.2,0.8,3977.87,325.71,1,malware
c86c1a48e4a6acb28cf8c12c61c54c33,1,180.51,23.6,76.22,22508.38,0,normal
a0e9f5d64349fb13191bc781f81f42e1,0,15.24,1.55,3639.38,106.93,1,malware
8cadd91021f79e7c40b8a79e41cee320,1,7.38,2.94,1979.0,245.37,1,malware
89fce9f931ed52e3e3f3cfaefc6a26ba,0,6.39,0.52,2804.8,114.59,1,malware
e45a9242f0716c896bb9b45ef17887d3,0,28.24,1.24,5918.16,241.54,1,malware
eb88d0b3978e1bcfa728e2f6f36f6c1b,0,18.77,1.13,6056.82,115.11,1,malware
a0e9f5d64349fb13191bc781f81f42e1,0,11.54,1.61,4725.85,13.29,1,malware
f212af5e553d8a2419d51ac99619220d,0,28.81,0.9,5397.71,200.21,1,malware
9e10692f1b7f78228b2d4e424db3a98c,1,330.78,48.34,51.45,15718.67,0,normal
579ccef312d18482fc42e2b822ca2430,1,290.48,43.79,52.74,23833.76,0,normal
75cbdbb5cf61deba48d3ebcae03bc711,0,28.32,1.5,3239.41,60.07,1,malware
55705c36217d2a119655f793415c83dc,0,29.73,2.67,3556.17,476.11,1,malware
155c3ca098afbc4f37d990720e798eee,1,27.2,2.2,2961.19,10.63,1,malware
b32309a26951912be7dba376398abc3b,1,287.11,5.76,53.98,8471.88,0,normal
b742b407d1d3a3f03fde73d1b563041a,0,4.14,1.5,7017.22,42.06,1,malware
a80d715b47b725fa2a60a73047db2a6e,0,8.49,1.29,4936.39,234.93,1,malware
9533832d9aaad6dfa37855471d3cbb3c,1,10.71,2.66,5864.97,472.44,1,malware
579ccef312d18482fc42e2b822ca2430,1,245.01,16.51,84.71,10935.22,0,normal
eb88d0b3978e1bcfa728e2f6f36f6c1b,0,18.59,1.12,5938.99,175.51,1,malware
a0e9f5d64349fb13191bc781f81f42e1,0,28.45,0.86,4259.32,220.81,1,malware
aaa9d4873f7f8c4f3fce4bd23f9c7d0d,1,277.71,14.09,104.91,19654.72,0,normal
aaa9d4873f7f8c4f3fce4bd23f9c7d0d,1,212.3,39.92,84.45,48491.84,0,normal
b32309a26951912be7dba376398abc3b,1,278.94,6.78,49.36,9483.9,0,normal
c86c1a48e4a6acb28cf8c12c61c54c33,1,281.99,9.49,80.91,9119.23,0,normal
579ccef312d18482fc42e2b822ca2430,1,258.01,23.41,18.95,1386.05,0,normal
c35dabdd40e08dc1ad5c3e3e55e3f5a3,1,153.1,12.02,91.76,32667.51,0,normal
6734f37431670b3ab4292b8f60f29984,0,17.95,2.66,4657.69,355.11,1,malware
b742b407d1d3a3f03fde73d1b563041a,0,13.67,1.91,3931.06,17.3,1,malware
91d3a68d9f320299c1543a59e4232214,0,4.14,2.52,3799.64,51.61,1,malware
b32309a26951912be7dba376398abc3b,1,189.77,32.54,109.08,17224.86,0,normal
a0e9f5d64349fb13191bc781f81f42e1,0,4.0,2.57,441.04,303.89,1,malware
15203d00ed7250e8604f49f6f97c559f,0,9.0,1.87,4377.79,50.04,1,malware
d7b0b55c2b7349b36f8a60e34ede9fec,1,276.51,15.05,57.28,37730.92,0,normal
a0e9f5d64349fb13191bc781f81f42e1,0,12.53,2.19,3241.08,123.59,1,malware
fe720ed3445c184d14159129b61596d1,0,23.92,2.78,2610.16,166.25,1,malware
b742b407d1d3a3f03fde73d1b563041a,0,8.6,1.83,4343.63,465.16,1,malware
6734f37431670b3ab4292b8f60f29984,0,28.78,3.0,1747.62,281.03,1,malware
133473df9f384d94bb75bc8119b11203,0,18.88,2.01,5561.02,372.43,1,malware
aaa9d4873f7f8c4f3fce4bd23f9c7d0d,1,160.96,37.73,104.22,24248.56,0,normal
d7b0b55c2b7349b36f8a60e34ede9fec,1,330.8,37.14,41.46,49156.01,0,normal
d7b0b55c2b7349b36f8a60e34ede9fec,1,194.19,33.28,25.93,9566.47,0,normal
eb88d0b3978e1bcfa728e2f6f36f6c1b,0,20.14,2.06,5915.18,238.97,1,malware
5b4fd62a47c0f7b42db7f35f9c27e2f6,1,177.07,36.22,27.3,35938.18,0,normal
c86c1a48e4a6acb28cf8c12c61c54c33,1,184.34,43.05,11.82,44659.62,0,normal
d8abae495d09e41cf7aa7c1d88ce18dd,0,18.31,2.09,833.95,358.51,1,malware
6734f37431670b3ab4292b8f60f29984,0,24.93,0.93,4769.72,227.02,1,malware
c35dabdd40e08dc1ad5c3e3e55e3f5a3,1,202.13,19.89,51.87,28898.75,0,normal
eb88d0b3978e1bcfa728e2f6f36f6c1b,0,13.89,2.4,6195.6,15.54,1,malware
eb88d0b3978e1bcfa728e2f6f36f6c1b,0,26.22,0.97,1651.94,485.15,1,malware
d7b0b55c2b7349b36f8a60e34ede9fec,1,289.57,20.0,58.09,23552.68,0,normal
a0e9f5d64349fb13191bc781f81f42e1,0,14.8,1.27,3245.58,378.12,1,malware
9e10692f1b7f78228b2d4e424db3a98c,1,298.26,49.54,110.61,8266.99,0,normal
c35dabdd40e08dc1ad5c3e3e55e3f5a3,1,226.18,5.15,47.59,11253.02,0,normal
d7b0b55c2b7349b36f8a60e34ede9fec,1,397.0,34.41,29.9,22479.87,0,normal
1e0c7de6738021bf1c1c768b742d064e,0,8.34,1.21,6811.1,177.8,1,malware
d7b0b55c2b7349b36f8a60e34ede9fec,1,364.96,10.67,42.17,28086.73,0,normal
dcc57d8047dc5d51f63536cb4cd6979f,1,2.03,1.48,5262.88,443.25,1,malware
72a589da586844d7f0818ce684948eea,1,4.96,2.0,6362.31,498.99,1,malware
9e10692f1b7f78228b2d4e424db3a98c,1,193.76,31.17,65.61,22626.53,0,normal
b32309a26951912be7dba376398abc3b,1,217.45,23.07,94.88,7432.85,0,normal
b742b407d1d3a3f03fde73d1b563041a,0,2.93,1.58,376.42,445.17,1,malware
6734f37431670b3ab4292b8f60f29984,0,20.73,1.1,1166.73,402.39,1,malware
72a589da586844d7f0818ce684948eea,0,6.98,2.24,5292.69,406.19,1,malware
b32309a26951912be7dba376398abc3b,1,213.45,45.19,94.58,12038.11,0,normal
aaa9d4873f7f8c4f3fce4bd23f9c7d0d,1,245.78,23.93,93.13,20378.0,0,normal
aaa9d4873f7f8c4f3fce4bd23f9c7d0d,1,218.17,34.88,40.51,46762.86,0,normal
a0e9f5d64349fb13191bc781f81f42e1,0,15.88,1.01,3531.55,186.33,1,malware
a0e9f5d64349fb13191bc781f81f42e1,0,20.79,1.37,779.63,430.09,1,malware
2212fd359650df10cb111378fdf390c5,0,20.61,2.54,2831.65,242.23,1,malware
2e05dc4b10925dba4f38afc7b94626b1,0,3.32,2.53,535.25,243.28,1,malware
eb88d0b3978e1bcfa728e2f6f36f6c1b,0,26.37,2.19,2994.87,72.39,1,malware
aaa9d4873f7f8c4f3fce4bd23f9c7d0d,1,193.0,39.33,58.51,25644.56,0,normal
98b7ce21a66f2729091063ef61d293bf,0,9.22,2.99,6470.34,461.96,1,malware
23986e7a8926c4c4b5afc1697e2673dd,0,22.24,2.86,780.32,304.96,1,malware
e48875cbab263efc20f58611321d4375,0,13.86,2.92,1135.86,436.71,1,malware
e0388a177bcc9bb160d8891ee61dc22f,0,18.33,0.53,5178.64,218.19,1,malware
5b4fd62a47c0f7b42db7f35f9c27e2f6,1,264.69,38.47,32.91,8184.06,0,normal
aaa9d4873f7f8c4f3fce4bd23f9c7d0d,1,238.78,47.79,25.94,43476.67,0,normal
164c60256a06ae3fc37556c7744fd784,0,13.68,2.54,4886.24,276.16,1,malware
c35dabdd40e08dc1ad5c3e3e55e3f5a3,1,397.8,17.24,84.85,21751.37,0,normal
9e10692f1b7f78228b2d4e424db3a98c,1,174.09,46.91,103.1,30992.62,0,normal
873dee851c79faeff41d2f1870a9c75d,1,14.51,0.53,6646.85,249.96,1,malware
72a589da586844d7f0818ce684948eea,1,22.95,2.68,2833.13,152.53,1,malware
b32309a26951912be7dba376398abc3b,1,232.27,46.81,58.1,12578.83,0,normal
a0e9f5d64349fb13191bc781f81f42e1,1,19.3,2.17,3152.66,81.04,1,malware
6734f37431670b3ab4292b8f60f29984,1,17.62,1.93,2354.63,432.49,1,malware
b32309a26951912be7dba376398abc3b,1,271.54,27.31,7.18,15003.59,0,normal
a0e9f5d64349fb13191bc781f81f42e1,1,27.84,2.02,2053.99,452.53,1,malware
cb0858c4b71aadb8199f6f80f1dc78cc,0,22.9,0.71,1867.61,13.4,1,malware
eb88d0b3978e1bcfa728e2f6f36f6c1b,1,26.31,2.65,5324.01,237.5,1,malware
c86c1a48e4a6acb28cf8c12c61c54c33,1,256.02,33.51,44.89,3263.19,0,normal
6734f37431670b3ab4292b8f60f29984,0,12.49,0.62,1002.98,222.18,1,malware
6ea9fcf7d1d8931c1ac4298400fb7b80,0,24.99,0.92,3375.95,273.72,1,malware
579ccef312d18482fc42e2b822ca2430,1,151.81,23.43,85.1,19955.77,0,normal
9e10692f1b7f78228b2d4e424db3a98c,1,185.83,24.83,38.71,4851.89,0,normal
c471dddcf77e9c4b098f9427d0c59b0e,0,14.29,2.95,1213.84,212.13,1,malware
3a97a48ba851b61922a351069038a69f,0,15.42,2.9,488.76,256.1,1,malware
5b4fd62a47c0f7b42db7f35f9c27e2f6,1,229.13,41.65,101.3,24133.82,0,normal
c35dabdd40e08dc1ad5c3e3e55e3f5a3,1,169.69,6.32,68.92,39217.76,0,normal
aaa9d4873f7f8c4f3fce4bd23f9c7d0d,1,195.73,20.04,36.02,38843.45,0,normal
c35dabdd40e08dc1ad5c3e3e55e3f5a3,1,232.58,6.2,70.95,42013.04,0,normal
579ccef312d18482fc42e2b822ca2430,1,217.09,26.3,45.29,36214.81,0,normal
a0e9f5d64349fb13191bc781f81f42e1,0,25.39,0.59,4476.26,204.98,1,malware
5b4fd62a47c0f7b42db7f35f9c27e2f6,1,174.21,25.72,58.52,9029.77,0,normal
af74afb4c4d29247e58919a095d4eaed,1,21.23,0.68,4742.34,387.18,1,malware
b32309a26951912be7dba376398abc3b,1,181.48,18.29,108.54,35016.87,0,normal
a0e9f5d64349fb13191bc781f81f42e1,1,16.35,2.64,4665.33,283.43,1,malware
d7b0b55c2b7349b36f8a60e34ede9fec,1,314.29,20.46,26.84,13156.91,0,normal
dda31fb4b5c37f34bad6a349a2174d3c,0,4.42,1.37,6751.1,307.82,1,malware
5bc8db38dd40aadd53e8977122f9e1e2,0,21.67,2.24,875.48,161.17,1,malware
eb88d0b3978e1bcfa728e2f6f36f6c1b,1,8.25,0.54,3542.6,233.9,1,malware
579ccef312d18482fc42e2b822ca2430,1,202.19,23.16,36.41,7006.85,0,normal
d7b0b55c2b7349b36f8a60e34ede9fec,1,192.94,44.73,95.46,43466.54,0,normal
4aeb58cec8ad3d1ed2b5151071d878dc,0,29.81,0.81,1301.74,183.45,1,malware
b32309a26951912be7dba376398abc3b,1,194.31,35.38,16.38,15494.33,0,normal
76051bc7ac81c21feed69370bdc9a4bd,0,23.73,2.29,2178.21,479.42,1,malware
c35dabdd40e08dc1ad5c3e3e55e3f5a3,1,160.99,25.76,39.23,12485.45,0,normal
c35dabdd40e08dc1ad5c3e3e55e3f5a3,1,227.65,15.85,68.3,46311.21,0,normal
9e10692f1b7f78228b2d4e424db3a98c,1,357.44,29.95,10.38,40569.91,0,normal
b32309a26951912be7dba376398abc3b,1,241.13,30.89,26.47,36746.45,0,normal
1e7062c064f53beb5b85bd84bc9f5ca6,0,19.23,2.59,4617.33,353.84,1,malware
9e10692f1b7f78228b2d4e424db3a98c,1,283.59,39.44,30.75,36041.96,0,normal
c86c1a48e4a6acb28cf8c12c61c54c33,1,355.55,13.43,52.81,32455.54,0,normal
c35dabdd40e08dc1ad5c3e3e55e3f5a3,1,338.58,27.44,86.37,9355.96,0,normal
a41e932a93d7569aa5a2f6b570c888ca,0,17.94,1.67,3293.46,281.8,1,malware
b742b407d1d3a3f03fde73d1b563041a,0,18.34,1.39,5627.04,411.42,1,malware
9e10692f1b7f78228b2d4e424db3a98c,1,206.48,24.62,108.82,6638.83,0,normal
5b4fd62a47c0f7b42db7f35f9c27e2f6,1,299.44,6.68,48.81,34719.06,0,normal
3eb5ad73425694404ea8f362aa60c283,0,15.95,2.63,2667.44,249.28,1,malware
b32309a26951912be7dba376398abc3b,1,295.22,17.75,76.26,36645.76,0,normal
6734f37431670b3ab4292b8f60f29984,0,28.98,0.73,5742.58,437.23,1,malware
c86c1a48e4a6acb28cf8c12c61c54c33,1,221.81,45.01,15.01,898.57,0,normal
b32309a26951912be7dba376398abc3b,1,368.56,20.58,86.46,22566.14,0,normal
c35dabdd40e08dc1ad5c3e3e55e3f5a3,1,380.76,15.22,40.01,44870.2,0,normal
eb88d0b3978e1bcfa728e2f6f36f6c1b,0,3.52,2.74,889.4,389.37,1,malware
f24f033e29144fc895d5e930ffa29f11,0,29.9,2.74,5395.69,446.17,1,malware
f4a36e682d19ac1f2f79914e3f7549ed,1,3.03,0.56,6337.68,127.37,1,malware
6257403af990f1ae21be95d4637d4244,0,5.74,0.62,4848.34,377.47,1,malware
7bcfb6633909bb2ce9c347f3dc4b60ea,0,2.59,2.54,2710.11,270.39,1,malware
c35dabdd40e08dc1ad5c3e3e55e3f5a3,1,333.99,33.47,12.34,22608.28,0,normal
9e10692f1b7f78228b2d4e424db3a98c,1,204.63,27.97,72.87,30244.31,0,normal
579ccef312d18482fc42e2b822ca2430,1,357.64,27.25,119.38,7519.52,0,normal
d7b0b55c2b7349b36f8a60e34ede9fec,1,320.72,41.63,82.84,786.09,0,normal
5b4fd62a47c0f7b42db7f35f9c27e2f6,1,277.9,31.68,9.83,32217.56,0,normal
b32309a26951912be7dba376398abc3b,1,203.09,30.13,15.3,12949.22,0,normal
de286970dac7b8e1b684b69364465215,1,14.4,2.28,1532.84,50.08,1,malware
c35dabdd40e08dc1ad5c3e3e55e3f5a3,1,224.27,23.71,88.22,36958.85,0,normal
b32309a26951912be7dba376398abc3b,1,179.24,9.09,31.47,12510.54,0,normal
f015f34b05272e17fd2ed747eaee3dd2,0,21.1,1.39,1366.09,212.68,1,malware
c86c1a48e4a6acb28cf8c12c61c54c33,1,181.17,13.94,69.58,30098.8,0,normal
a924497774f97a53b6de1e67b5125dac,1,9.85,0.85,4513.46,137.03,1,malware
c86c1a48e4a6acb28cf8c12c61c54c33,1,243.7,29.65,78.26,48617.67,0,normal
c86c1a48e4a6acb28cf8c12c61c54c33,1,364.18,13.78,21.23,21737.9,0,normal
aaa9d4873f7f8c4f3fce4bd23f9c7d0d,1,238.05,27.5,101.05,16199.84,0,normal
d7b0b55c2b7349b36f8a60e34ede9fec,1,192.11,45.73,39.37,47995.2,0,normal
902d89d5a2556cf05adff8d0872f04dc,1,9.56,1.62,5170.42,326.38,1,malware
cbe58e464b3461157c3d2b8980a89615,1,7.95,1.97,1227.31,186.03,1,malware
d12ec60b96b58594ee8403f71790e11d,0,20.85,2.34,3998.22,181.95,1,malware
6734f37431670b3ab4292b8f60f29984,1,12.47,1.94,2280.92,410.6,1,malware
b32309a26951912be7dba376398abc3b,1,218.66,9.66,75.44,34778.06,0,normal
c86c1a48e4a6acb28cf8c12c61c54c33,1,267.99,20.49,102.7,38735.32,0,normal
aaa9d4873f7f8c4f3fce4bd23f9c7d0d,1,385.26,42.91,90.42,21649.41,0,normal
b32309a26951912be7dba376398abc3b,1,173.68,32.24,42.76,42540.89,0,normal
519a654a0c1dc7264394cd54339de782,1,8.14,0.71,727.7,113.18,1,malware
eb88d0b3978e1bcfa728e2f6f36f6c1b,0,10.99,2.65,1032.06,58.46,1,malware
1336d286448ae77a571297dfcc202ddf,0,2.13,1.4,1094.11,434.54,1,malware
a0e9f5d64349fb13191bc781f81f42e1,1,5.41,2.6,5291.21,195.86,1,malware
aaa9d4873f7f8c4f3fce4bd23f9c7d0d,1,378.9,37.05,67.95,49038.46,0,normal
579ccef312d18482fc42e2b822ca2430,1,384.73,17.46,30.56,17631.86,0,normal
ed1dd72c4465ffb7d9d972ce5b3c149b,0,29.09,1.69,5195.26,48.78,1,malware
72a589da586844d7f0818ce684948eea,1,22.05,1.51,6073.79,490.36,1,malware
72a5dc651188017ef2906b55291c5897,1,17.59,2.98,1262.09,30.35,1,malware
06c1cac558aec281bf5b82d8e31f2229,0,18.84,1.67,5689.96,215.6,1,malware
b32309a26951912be7dba376398abc3b,1,286.54,30.8,67.65,4887.23,0,normal
9b6c1d03ad792242e229889387244856,1,22.76,0.72,1862.14,126.32,1,malware
5b4fd62a47c0f7b42db7f35f9c27e2f6,1,291.09,15.64,73.48,26652.79,0,normal
9e10692f1b7f78228b2d4e424db3a98c,1,219.51,10.62,4.57,5459.64,0,normal
6734f37431670b3ab4292b8f60f29984,1,24.97,1.16,4053.62,102.49,1,malware
a71fb01d12fca395eada3a07770a5761,0,10.67,1.35,1231.51,142.24,1,malware
579ccef312d18482fc42e2b822ca2430,1,392.71,10.2,74.85,42579.25,0,normal
6734f37431670b3ab4292b8f60f29984,0,25.35,1.51,3795.23,228.59,1,malware
d7b0b55c2b7349b36f8a60e34ede9fec,1,368.78,16.44,10.85,39189.99,0,normal
6a8002f4265d5868ae8903274884453c,0,25.86,0.58,954.47,48.76,1,malware
ba35865a0951e5dc3362100f6858e256,0,23.35,2.29,1833.3,276.52,1,malware
eb88d0b3978e1bcfa728e2f6f36f6c1b,0,7.67,1.88,2162.13,28.06,1,malware
9e10692f1b7f78228b2d4e424db3a98c,1,164.92,20.72,99.62,29191.18,0,normal
baa852900117403d5ecfb4c3b204b572,1,3.71,1.16,3746.38,479.52,1,malware
e8aee90c20084be00f283c7aa96ae1a0,0,27.42,1.97,4343.71,142.23,1,malware
c35dabdd40e08dc1ad5c3e3e55e3f5a3,1,303.58,39.96,51.08,14752.77,0,normal
72a589da586844d7f0818ce684948eea,0,6.7,2.11,554.07,158.95,1,malware
d7b0b55c2b7349b36f8a60e34ede9fec,1,354.53,40.06,17.28,37386.84,0,normal
b742b407d1d3a3f03fde73d1b563041a,0,7.07,1.61,6419.81,360.01,1,malware
d7b0b55c2b7349b36f8a60e34ede9fec,1,212.24,31.3,32.29,5468.55,0,normal
3e5ab82a0d1aab1046dadc0a348145a5,0,20.97,0.93,4888.68,55.44,1,malware
6734f37431670b3ab4292b8f60f29984,0,7.37,2.85,5448.35,490.3,1,malware
c86c1a48e4a6acb28cf8c12c61c54c33,1,233.55,43.14,63.01,868.74,0,normal
9e10692f1b7f78228b2d4e424db3a98c,1,319.21,29.84,3.28,1338.42,0,normal
d7b0b55c2b7349b36f8a60e34ede9fec,1,161.62,17.6,83.85,26143.6,0,normal
c86c1a48e4a6acb28cf8c12c61c54c33,1,372.67,7.37,116.53,23885.71,0,normal
c35dabdd40e08dc1ad5c3e3e55e3f5a3,1,218.51,38.99,57.28,15464.18,0,normal
04446e06881afe7acbd791d6c09918ec,0,17.75,2.66,1185.13,78.83,1,malware
b32309a26951912be7dba376398abc3b,1,389.4,30.63,84.64,43453.37,0,normal
9e10692f1b7f78228b2d4e424db3a98c,1,248.28,10.28,78.48,12242.01,0,normal
aaa9d4873f7f8c4f3fce4bd23f9c7d0d,1,158.5,45.77,78.14,28664.78,0,normal
6843eb1261c0cba5f8083425eee4f6a8,0,21.05,1.98,2821.76,497.99,1,malware
c35dabdd40e08dc1ad5c3e3e55e3f5a3,1,330.54,20.78,104.33,47009.58,0,normal
b1d5933de6dd6429529034c6212ac4ef,0,12.32,0.58,1420.24,402.61,1,malware
e73dab42ee5dccb0aba36127be3d2761,0,16.37,2.03,2392.19,453.57,1,malware
b32309a26951912be7dba376398abc3b,1,300.35,37.57,27.98,33981.07,0,normal
92206804986362339dbb6bf308ff5c4a,0,14.11,2.61,961.88,196.97,1,malware
54b510e402f947b80b1b6fa6c045f1b2,0,13.53,2.87,1294.82,147.83,1,malware
50c9ada7e7c580cd214d07164431012b,0,25.35,1.38,593.04,467.34,1,malware
b742b407d1d3a3f03fde73d1b563041a,0,4.85,0.51,5787.44,395.38,1,malware
579ccef312d18482fc42e2b822ca2430,1,228.49,38.61,7.84,14439.91,0,normal
d7b0b55c2b7349b36f8a60e34ede9fec,1,189.56,14.24,103.88,45603.86,0,normal
579ccef312d18482fc42e2b822ca2430,1,304.42,23.91,30.54,45383.34,0,normal
aaa9d4873f7f8c4f3fce4bd23f9c7d0d,1,298.77,48.02,51.35,7807.36,0,normal
5b4fd62a47c0f7b42db7f35f9c27e2f6,1,315.18,8.9,1.39,7888.14,0,normal
c86c1a48e4a6acb28cf8c12c61c54c33,1,220.08,15.89,76.75,13576.34,0,normal
cecfba6d0385f6a6ce3b1e5e451f548a,0,22.55,1.35,615.62,83.39,1,malware
aaa9d4873f7f8c4f3fce4bd23f9c7d0d,1,192.61,9.68,75.66,10138.43,0,normal
b742b407d1d3a3f03fde73d1b563041a,0,15.82,2.14,3704.73,474.23,1,malware
a0e9f5d64349fb13191bc781f81f42e1,0,7.13,1.72,3682.84,167.0,1,malware
a0e9f5d64349fb13191bc781f81f42e1,0,4.78,2.7,492.74,153.96,1,malware
72a589da586844d7f0818ce684948eea,1,27.6,2.91,2421.4,172.72,1,malware
aaa9d4873f7f8c4f3fce4bd23f9c7d0d,1,250.1,45.7,56.58,24210.22,0,normal
c86c1a48e4a6acb28cf8c12c61c54c33,1,256.81,19.76,7.63,47870.58,0,normal
e95c3d27013691f1ac8b9e2459e0a825,0,29.99,1.65,5212.72,437.82,1,malware
b32309a26951912be7dba376398abc3b,1,299.82,6.48,115.21,5635.56,0,normal
aaa9d4873f7f8c4f3fce4bd23f9c7d0d,1,396.03,43.71,118.56,45668.58,0,normal
c35dabdd40e08dc1ad5c3e3e55e3f5a3,1,238.39,20.4,23.58,36958.91,0,normal
00c70a93bf90cc9c1eb304c911c9399c,0,9.31,0.95,4790.44,211.13,1,malware
b32309a26951912be7dba376398abc3b,1,158.17,29.78,47.54,16486.2,0,normal
6d944245fe44f7d2e52cb1b5fe786771,1,13.96,2.09,1198.82,317.09,1,malware
b32309a26951912be7dba376398abc3b,1,326.24,6.94,62.7,14265.87,0,normal
f37a82d01843e777a9e9e01803958584,0,23.07,2.79,5066.01,86.22,1,malware
b32309a26951912be7dba376398abc3b,1,368.86,7.36,81.87,6285.44,0,normal
b742b407d1d3a3f03fde73d1b563041a,0,21.53,2.46,2304.55,384.51,1,malware
a0e9f5d64349fb13191bc781f81f42e1,0,5.12,0.74,5372.16,285.2,1,malware
aaa9d4873f7f8c4f3fce4bd23f9c7d0d,1,280.66,21.81,41.14,18832.94,0,normal
d7b0b55c2b7349b36f8a60e34ede9fec,1,339.14,46.32,31.28,12203.42,0,normal
c86c1a48e4a6acb28cf8c12c61c54c33,1,196.43,37.11,49.71,7436.31,0,normal
530d79310cb3c66a86f5c6e129918c8b,0,16.43,1.47,4692.26,311.12,1,malware
aaa9d4873f7f8c4f3fce4bd23f9c7d0d,1,384.48,10.43,59.65,37238.1,0,normal
dc21eef6ac1d41387b2ac7583b319d65,1,6.59,1.85,6668.02,299.7,1,malware
c86c1a48e4a6acb28cf8c12c61c54c33,1,306.05,32.02,97.5,35743.08,0,normal
d7b0b55c2b7349b36f8a60e34ede9fec,1,191.62,28.85,27.03,26753.64,0,normal
ac4c5f70f96d88075499687da4999401,0,12.01,1.65,1594.38,328.99,1,malware
b742b407d1d3a3f03fde73d1b563041a,0,13.91,2.84,5803.04,242.39,1,malware
6734f37431670b3ab4292b8f60f29984,1,3.77,2.96,331.46,169.11,1,malware
25a215255609bc3e629f25eacad4d2fe,0,9.02,2.65,2845.11,370.0,1,malware
5b4fd62a47c0f7b42db7f35f9c27e2f6,1,377.49,16.3,34.45,30026.18,0,normal
d7b0b55c2b7349b36f8a60e34ede9fec,1,197.82,6.2,8.75,35067.15,0,normal
aaa9d4873f7f8c4f3fce4bd23f9c7d0d,1,233.07,34.06,76.84,24521.65,0,normal
aaa9d4873f7f8c4f3fce4bd23f9c7d0d,1,339.81,41.81,13.12,46661.41,0,normal
a0e9f5d64349fb13191bc781f81f42e1,0,15.03,2.77,4476.75,349.64,1,malware
b742b407d1d3a3f03fde73d1b563041a,0,28.27,2.18,6770.23,148.94,1,malware
5b4fd62a47c0f7b42db7f35f9c27e2f6,1,365.26,30.92,109.89,42539.93,0,normal
aaa9d4873f7f8c4f3fce4bd23f9c7d0d,1,295.66,15.6,60.12,15559.1,0,normal
579ccef312d18482fc42e2b822ca2430,1,305.01,20.89,20.28,14255.97,0,normal
b32309a26951912be7dba376398abc3b,1,268.0,9.3,73.51,22804.51,0,normal
d7b0b55c2b7349b36f8a60e34ede9fec,1,315.81,44.57,87.21,26183.91,0,normal
aaa9d4873f7f8c4f3fce4bd23f9c7d0d,1,192.09,46.59,111.17,25474.55,0,normal
0c84ddb82ecd8fe74ded4befeec769da,0,10.26,1.25,1121.01,167.93,1,malware
32bed39b459bb0da5eecd858cf3f3ba0,1,24.46,1.62,1486.95,478.46,1,malware
c86c1a48e4a6acb28cf8c12c61c54c33,1,212.54,34.24,55.8,14670.71,0,normal
5f515a4228a7f6df59e9eb8c9fc90ec5,0,7.53,2.09,2220.2,478.18,1,malware
579ccef312d18482fc42e2b822ca2430,1,392.5,22.17,99.06,31681.85,0,normal
b32309a26951912be7dba376398abc3b,1,232.36,6.43,69.01,1239.23,0,normal
eb88d0b3978e1bcfa728e2f6f36f6c1b,0,29.33,2.96,2762.17,465.58,1,malware
b32309a26951912be7dba376398abc3b,1,361.73,35.39,36.59,37082.74,0,normal
59ab8c4ac59334e7eb53adc26663743f,0,28.64,1.13,3328.48,280.21,1,malware
b32309a26951912be7dba376398abc3b,1,372.7,45.52,96.85,32464.14,0,normal
ead7cf80d6aec2e51b9e7b70ec1afc0b,1,17.86,2.46,4528.17,108.97,1,malware
df834994a23d3d4c26e0e892f2a1f1c5,0,2.66,0.87,1987.3,25.03,1,malware
9e10692f1b7f78228b2d4e424db3a98c,1,202.49,48.16,118.53,49117.98,0,normal
5f3852e7ec7117694b4b2f5ec03eb45a,1,21.14,1.67,5899.25,278.35,1,malware
b742b407d1d3a3f03fde73d1b563041a,0,24.91,2.79,1298.19,448.97,1,malware
6734f37431670b3ab4292b8f60f29984,0,24.57,1.44,574.44,53.75,1,malware
579ccef312d18482fc42e2b822ca2430,1,169.77,28.98,25.34,36658.41,0,normal
b32309a26951912be7dba376398abc3b,1,297.46,24.66,26.86,43445.36,0,normal
d7b0b55c2b7349b36f8a60e34ede9fec,1,179.53,40.5,81.25,34524.22,0,normal
5b4fd62a47c0f7b42db7f35f9c27e2f6,1,308.84,8.67,83.22,3630.1,0,normal
c35dabdd40e08dc1ad5c3e3e55e3f5a3,1,198.06,45.08,5.07,21914.87,0,normal
911b2bf069a5e03bcf1bebc7efd2312d,0,20.41,2.87,4678.44,160.05,1,malware
9e10692f1b7f78228b2d4e424db3a98c,1,394.5,30.01,96.59,32321.02,0,normal
d7b0b55c2b7349b36f8a60e34ede9fec,1,335.8,21.72,78.41,49816.21,0,normal
893cfdbc7e9b9e9493545972e420ba6b,0,15.21,2.47,5745.5,56.97,1,malware
c86c1a48e4a6acb28cf8c12c61c54c33,1,348.83,7.66,55.21,2444.28,0,normal
d6e906897934444184a6fc7a3b0d9a80,0,16.42,0.64,6817.13,453.68,1,malware
b114d8fe14f86d5ed706caf5065620ee,0,18.86,2.37,1111.13,397.58,1,malware
9e10692f1b7f78228b2d4e424db3a98c,1,349.07,44.53,89.52,35330.16,0,normal
c35dabdd40e08dc1ad5c3e3e55e3f5a3,1,323.08,44.24,74.13,38985.91,0,normal
b32309a26951912be7dba376398abc3b,1,341.99,43.97,96.02,31990.69,0,normal
aaa9d4873f7f8c4f3fce4bd23f9c7d0d,1,217.91,30.59,12.13,14252.04,0,normal
d7b0b55c2b7349b36f8a60e34ede9fec,1,303.5,16.13,107.47,1466.37,0,normal
9e10692f1b7f78228b2d4e424db3a98c,1,285.57,44.2,23.11,23771.54,0,normal
b742b407d1d3a3f03fde73d1b563041a,1,3.53,1.41,360.25,148.47,1,malware
579ccef312d18482fc42e2b822ca2430,1,325.71,7.89,68.98,30590.47,0,normal
f9e4ab857168474abe967b720848ff41,0,23.92,1.24,6705.94,139.94,1,malware
b32309a26951912be7dba376398abc3b,1,331.17,10.47,45.72,18917.29,0,normal
88dce9f24326609fbcc0637b2f8d7c60,1,18.7,1.47,5060.5,373.89,1,malware
b32309a26951912be7dba376398abc3b,1,282.11,47.74,62.86,9135.14,0,normal
3218ccb217a80fb20dcf47c365ce5bf2,0,9.21,0.5,2727.38,478.01,1,malware
eb88d0b3978e1bcfa728e2f6f36f6c1b,0,24.56,1.2,6090.46,106.25,1,malware
aaa9d4873f7f8c4f3fce4bd23f9c7d0d,1,192.75,36.31,54.3,12994.47,0,normal
aff16274ace70d551392c8e9f03abedd,0,18.62,2.85,1457.77,372.53,1,malware
aaa9d4873f7f8c4f3fce4bd23f9c7d0d,1,261.39,10.77,61.7,48165.73,0,normal
c35dabdd40e08dc1ad5c3e3e55e3f5a3,1,392.48,22.81,37.18,21553.22,0,normal
5b4fd62a47c0f7b42db7f35f9c27e2f6,1,169.0,24.82,18.99,15127.89,0,normal
9e10692f1b7f78228b2d4e424db3a98c,1,381.3,12.97,34.45,47169.99,0,normal
a0e9f5d64349fb13191bc781f81f42e1,0,3.33,1.93,665.68,476.03,1,malware
c86c1a48e4a6acb28cf8c12c61c54c33,1,266.36,8.17,118.39,11710.87,0,normal
c35dabdd40e08dc1ad5c3e3e55e3f5a3,1,208.54,40.75,118.31,22248.78,0,normal
88f8c015e5cd4524a25b8408b0cf7e25,0,9.39,2.12,919.43,370.99,1,malware
1efae45f24e4b34eeedd4972ceaa94a6,0,25.63,1.97,1332.36,439.46,1,malware
b32309a26951912be7dba376398abc3b,1,218.72,44.54,58.7,18851.97,0,normal
f6697164a7aeeee7a87ce186b68e342c,0,12.37,1.51,5430.47,363.21,1,malware
5b4fd62a47c0f7b42db7f35f9c27e2f6,1,375.15,40.89,114.95,7461.48,0,normal
c86c1a48e4a6acb28cf8c12c61c54c33,1,291.98,11.01,2.49,20918.79,0,normal
1085d676e0aa41c0fe0ec1f755bbf9c8,0,28.87,1.06,1871.27,129.38,1,malware
aaa9d4873f7f8c4f3fce4bd23f9c7d0d,1,378.31,18.9,112.02,19210.78,0,normal
6734f37431670b3ab4292b8f60f29984,0,17.76,2.26,4556.97,334.83,1,malware
7d5115d24474bb35fa43c57443efb1ec,1,4.74,2.84,6446.9,318.72,1,malware
b32309a26951912be7dba376398abc3b,1,389.55,20.29,29.33,30069.62,0,normal
d2abd741c9ed8e040259c394da87626f,0,21.24,1.7,441.86,329.18,1,malware
c35dabdd40e08dc1ad5c3e3e55e3f5a3,1,392.0,39.85,111.16,44635.23,0,normal
c35dabdd40e08dc1ad5c3e3e55e3f5a3,1,377.92,49.68,41.37,3684.48,0,normal
b742b407d1d3a3f03fde73d1b563041a,1,9.87,2.96,4485.98,446.93,1,malware
d7b0b55c2b7349b36f8a60e34ede9fec,1,157.37,49.69,15.3,27269.41,0,normal
d7b0b55c2b7349b36f8a60e34ede9fec,1,226.87,30.38,76.32,35318.53,0,normal
579ccef312d18482fc42e2b822ca2430,1,313.44,30.49,72.94,26540.08,0,normal
579ccef312d18482fc42e2b822ca2430,1,398.0,39.7,40.88,15150.79,0,normal
c86c1a48e4a6acb28cf8c12c61c54c33,1,313.48,39.5,15.86,6653.27,0,normal
579ccef312d18482fc42e2b822ca2430,1,285.25,17.31,98.7,44840.67,0,normal
2e7be9b9b787af8303beb45470654fb9,0,18.98,1.96,1692.04,211.43,1,malware
b32309a26951912be7dba376398abc3b,1,232.43,37.74,88.68,43469.09,0,normal
adeb6adbe106568a1fc39768590111a2,0,5.38,2.53,2598.41,166.09,1,malware
c86c1a48e4a6acb28cf8c12c61c54c33,1,296.39,22.49,48.71,37194.45,0,normal
5d07f69a5658b021eaac55513c3d431d,1,25.83,2.01,6474.22,338.8,1,malware
c86c1a48e4a6acb28cf8c12c61c54c33,1,348.2,41.89,23.04,18581.45,0,normal
9e10692f1b7f78228b2d4e424db3a98c,1,171.23,49.19,63.61,32262.68,0,normal
c86c1a48e4a6acb28cf8c12c61c54c33,1,316.01,12.06,53.21,37614.99,0,normal
9e10692f1b7f78228b2d4e424db3a98c,1,311.65,34.37,55.94,44554.72,0,normal
579ccef312d18482fc42e2b822ca2430,1,292.73,32.75,99.86,34449.94,0,normal
e9875d8eb3229836c061dc5408dad663,0,26.85,1.05,1014.75,398.59,1,malware
eb88d0b3978e1bcfa728e2f6f36f6c1b,0,12.71,1.35,6163.62,424.32,1,malware
19c2868394f4e4fe71c4cab7a0cbf3aa,0,23.19,1.2,2507.45,420.54,1,malware
6734f37431670b3ab4292b8f60f29984,0,2.14,2.33,3028.2,221.26,1,malware
6734f37431670b3ab4292b8f60f29984,0,9.14,1.93,2647.09,232.32,1,malware
6734f37431670b3ab4292b8f60f29984,0,29.36,0.85,6670.57,337.92,1,malware
c86c1a48e4a6acb28cf8c12c61c54c33,1,251.28,44.21,55.91,19155.77,0,normal
72a589da586844d7f0818ce684948eea,0,6.1,1.85,7156.72,252.83,1,malware
6734f37431670b3ab4292b8f60f29984,1,7.77,2.37,3065.65,429.5,1,malware
9e10692f1b7f78228b2d4e424db3a98c,1,375.14,40.82,32.72,17909.2,0,normal
b32309a26951912be7dba376398abc3b,1,346.31,32.82,33.66,4748.73,0,normal
aa940bcd5cab8b6f95629e668a480be8,0,8.39,0.62,895.22,107.1,1,malware
a23210d39440e4a5883a1c903430d103,0,9.77,2.74,2569.0,238.87,1,malware
bbe8f9dac054bcaade608536fb5a9502,0,19.05,1.24,3706.39,122.53,1,malware
eb88d0b3978e1bcfa728e2f6f36f6c1b,0,3.66,2.07,4940.38,186.07,1,malware
5b4fd62a47c0f7b42db7f35f9c27e2f6,1,295.5,34.35,113.69,30048.84,0,normal
eb88d0b3978e1bcfa728e2f6f36f6c1b,1,21.01,0.82,3523.63,455.97,1,malware
5fb46c8cf760b458396e7f7b152f752d,0,16.38,2.22,349.76,400.92,1,malware
5b4fd62a47c0f7b42db7f35f9c27e2f6,1,219.5,47.85,34.78,3448.68,0,normal
38fb9a864ac26d344ddcdc9b41c900c7,0,14.23,2.39,3588.5,19.37,1,malware
9e10692f1b7f78228b2d4e424db3a98c,1,320.32,9.81,100.2,32542.31,0,normal
606992c63265bae9e2f1ba2a45207cbd,0,13.02,2.51,3683.01,477.02,1,malware
72a589da586844d7f0818ce684948eea,0,22.35,2.19,5392.28,298.47,1,malware
579ccef312d18482fc42e2b822ca2430,1,259.2,12.73,59.49,9905.03,0,normal
2d936a5a383b798b3c3f872682f78c09,0,5.28,0.87,4430.63,176.29,1,malware
579ccef312d18482fc42e2b822ca2430,1,298.69,18.25,92.4,29059.37,0,normal
6734f37431670b3ab4292b8f60f29984,0,22.99,1.14,6547.58,189.6,1,malware
c35dabdd40e08dc1ad5c3e3e55e3f5a3,1,257.0,25.51,22.52,33549.19,0,normal
f5fc991141460b7a2f156a56b2e2830a,0,10.01,2.76,6096.94,242.27,1,malware
eb88d0b3978e1bcfa728e2f6f36f6c1b,0,29.46,1.17,4132.44,337.57,1,malware
b32309a26951912be7dba376398abc3b,1,398.18,40.61,71.52,4851.1,0,normal
b32309a26951912be7dba376398abc3b,1,302.95,43.18,72.9,14739.54,0,normal
9e10692f1b7f78228b2d4e424db3a98c,1,206.79,12.12,111.91,2575.29,0,normal
6734f37431670b3ab4292b8f60f29984,1,13.29,1.23,6597.33,387.04,1,malware
72a589da586844d7f0818ce684948eea,0,24.04,2.51,3622.14,178.29,1,malware
c35dabdd40e08dc1ad5c3e3e55e3f5a3,1,332.51,44.43,109.99,47859.84,0,normal
72a589da586844d7f0818ce684948eea,0,15.7,1.64,3582.54,196.44,1,malware
f6f2795075276b9ea1f5ef663c0c726c,0,15.27,2.88,6232.43,128.6,1,malware
eb88d0b3978e1bcfa728e2f6f36f6c1b,0,12.53,2.56,1307.77,215.45,1,malware
c86c1a48e4a6acb28cf8c12c61c54c33,1,208.95,39.48,96.49,1088.12,0,normal
c86c1a48e4a6acb28cf8c12c61c54c33,1,231.89,37.01,52.28,41962.19,0,normal
b32309a26951912be7dba376398abc3b,1,183.7,47.92,93.51,9411.53,0,normal
c86c1a48e4a6acb28cf8c12c61c54c33,1,367.35,6.62,57.4,28745.21,0,normal
5b4fd62a47c0f7b42db7f35f9c27e2f6,1,352.69,29.63,10.48,40159.84,0,normal
b32309a26951912be7dba376398abc3b,1,311.52,36.37,111.26,25747.57,0,normal
f5f6cc2af3c7667758260b572a2760d0,0,26.2,2.8,6445.89,302.86,1,malware
eb88d0b3978e1bcfa728e2f6f36f6c1b,1,11.77,2.24,707.68,470.5,1,malware
8027900fb897e618316cfcb11929914f,0,26.14,2.13,2769.23,155.98,1,malware
579ccef312d18482fc42e2b822ca2430,1,206.9,6.99,26.24,14552.95,0,normal
5b4fd62a47c0f7b42db7f35f9c27e2f6,1,316.94,17.44,91.78,21281.76,0,normal
b32309a26951912be7dba376398abc3b,1,347.52,38.75,62.0,24434.47,0,normal
5b4fd62a47c0f7b42db7f35f9c27e2f6,1,335.62,44.42,31.24,20575.46,0,normal
bf7000a8141bd61c2200c5d9add487d0,0,22.65,2.13,4136.55,221.11,1,malware
d7b0b55c2b7349b36f8a60e34ede9fec,1,312.49,15.77,91.57,39776.52,0,normal
c35dabdd40e08dc1ad5c3e3e55e3f5a3,1,396.22,35.64,69.4,19450.42,0,normal
579ccef312d18482fc42e2b822ca2430,1,347.8,21.55,47.48,29644.51,0,normal
68658b9639b644f9747b756c1bcbed8a,0,12.58,0.92,1478.82,11.07,1,malware
eb88d0b3978e1bcfa728e2f6f36f6c1b,0,16.02,0.81,6624.52,143.35,1,malware
c86c1a48e4a6acb28cf8c12c61c54c33,1,216.86,6.74,3.01,5387.33,0,normal
579ccef312d18482fc42e2b822ca2430,1,192.25,35.33,65.82,16007.53,0,normal
c86c1a48e4a6acb28cf8c12c61c54c33,1,358.41,49.76,45.29,6228.11,0,normal
c86c1a48e4a6acb28cf8c12c61c54c33,1,232.86,42.23,79.12,45563.09,0,normal
b32309a26951912be7dba376398abc3b,1,359.54,12.19,88.36,11375.57,0,normal
2c1291a17f3e9eb70011c3b964803997,0,7.18,0.96,3620.05,122.7,1,malware
dfab1e3cd1bb1e7430f781d18dc8064e,0,15.97,1.87,5278.43,82.16,1,malware
3b21ed69b6b4b2eb0c63f6f89f3325b6,0,29.42,0.92,2961.81,26.7,1,malware
5b4fd62a47c0f7b42db7f35f9c27e2f6,1,215.64,37.5,32.32,33529.4,0,normal
a0e9f5d64349fb13191bc781f81f42e1,1,3.94,2.29,3172.64,345.13,1,malware
eb88d0b3978e1bcfa728e2f6f36f6c1b,1,19.57,1.95,2970.84,329.79,1,malware
72a589da586844d7f0818ce684948eea,0,7.73,0.62,832.11,148.59,1,malware
6734f37431670b3ab4292b8f60f29984,0,17.36,2.25,5929.6,457.41,1,malware
a0e9f5d64349fb13191bc781f81f42e1,0,24.65,1.55,3828.63,436.98,1,malware
5b4fd62a47c0f7b42db7f35f9c27e2f6,1,257.07,27.58,23.75,24812.52,0,normal
579ccef312d18482fc42e2b822ca2430,1,386.89,32.85,33.77,1806.19,0,normal
6734f37431670b3ab4292b8f60f29984,1,13.51,2.4,2272.27,153.6,1,malware
5d1b4d52e7fb63bf45816cb21a0a0633,0,29.75,1.6,4063.62,109.42,1,malware
9e10692f1b7f78228b2d4e424db3a98c,1,363.25,7.33,41.08,16571.47,0,normal
9e10692f1b7f78228b2d4e424db3a98c,1,398.94,18.09,41.6,20708.31,0,normal
72a589da586844d7f0818ce684948eea,0,23.03,0.87,4084.18,282.3,1,malware
c86c1a48e4a6acb28cf8c12c61c54c33,1,197.56,12.04,50.57,37909.14,0,normal
72a589da586844d7f0818ce684948eea,0,4.03,2.56,1468.17,208.93,1,malware
eb88d0b3978e1bcfa728e2f6f36f6c1b,0,15.26,2.46,2822.59,357.89,1,malware
a0e9f5d64349fb13191bc781f81f42e1,1,3.94,1.99,2305.38,236.51,1,malware
c35dabdd40e08dc1ad5c3e3e55e3f5a3,1,176.83,7.11,31.21,23883.01,0,normal
68f87f1012e2954453250fa564761fea,0,5.52,1.56,1769.76,235.19,1,malware
aaf21b51c5d8b429d9dbc4f048881ac4,0,10.0,2.16,310.82,248.8,1,malware
7d40eea8a3f0775c7f09c8c0e5402bd9,0,2.82,2.1,776.39,72.03,1,malware
d7b0b55c2b7349b36f8a60e34ede9fec,1,215.85,9.24,119.16,7890.35,0,normal
c2ae0591df24b9976295e31522bd814a,0,26.93,2.96,4564.48,173.72,1,malware
9e10692f1b7f78228b2d4e424db3a98c,1,246.52,17.35,10.76,38764.53,0,normal
b32309a26951912be7dba376398abc3b,1,337.5,17.97,36.05,6628.85,0,normal
d7b0b55c2b7349b36f8a60e34ede9fec,1,348.42,31.17,116.84,44042.34,0,normal
6734f37431670b3ab4292b8f60f29984,1,7.44,1.08,1741.4,202.6,1,malware
85b7433ad3ed75dece7cbce4d52ebc82,0,29.22,1.66,6836.36,453.17,1,malware
9e10692f1b7f78228b2d4e424db3a98c,1,188.39,33.19,93.96,30486.21,0,normal
aaa9d4873f7f8c4f3fce4bd23f9c7d0d,1,266.68,31.52,35.54,23488.94,0,normal
3e1afe174698bfb8dfebeb7108d7c774,0,12.32,0.72,4565.18,494.12,1,malware
224fba5e3c7f9e548cbfe70f67d61520,0,24.32,0.91,4538.23,81.77,1,malware
a0e9f5d64349fb13191bc781f81f42e1,0,4.76,1.33,3520.2,165.26,1,malware
29b4855a6b03faca9654e9a7784d8103,0,2.22,2.55,3455.12,285.81,1,malware
42cd89ec8ee492c443e179ed97a5515a,0,11.61,1.84,5111.1,91.38,1,malware
6734f37431670b3ab4292b8f60f29984,1,28.3,0.77,1371.6,376.06,1,malware
7487b9e674a73adafecdab1dda81870b,0,15.23,1.51,3573.34,149.23,1,malware
eb88d0b3978e1bcfa728e2f6f36f6c1b,1,27.86,1.97,6450.88,274.05,1,malware
d7fba7b2ff294cea9e5b84b43e2acd66,1,3.82,2.94,5360.05,93.74,1,malware
b32309a26951912be7dba376398abc3b,1,257.26,13.56,64.69,29628.8,0,normal
b742b407d1d3a3f03fde73d1b563041a,0,19.26,0.62,3006.41,485.69,1,malware
5b4fd62a47c0f7b42db7f35f9c27e2f6,1,156.22,9.03,79.17,15919.73,0,normal
b32309a26951912be7dba376398abc3b,1,287.7,28.77,29.51,19777.7,0,normal
72a589da586844d7f0818ce684948eea,1,16.99,1.63,1798.39,139.0,1,malware
77d6360b1262553a08725028e02006e9,1,29.12,2.93,3044.29,473.69,1,malware
eb88d0b3978e1bcfa728e2f6f36f6c1b,0,22.64,0.52,4892.05,355.8,1,malware
e971557060de159703bf806926bc8d3f,0,3.58,1.95,1753.0,441.09,1,malware
6734f37431670b3ab4292b8f60f29984,1,3.68,2.85,6972.45,121.33,1,malware
ba73f41d24b16ef9c6a0b956d3cb4427,0,29.1,1.2,1525.08,89.96,1,malware
c35dabdd40e08dc1ad5c3e3e55e3f5a3,1,170.43,18.67,47.17,6399.74,0,normal
6734f37431670b3ab4292b8f60f29984,0,14.83,1.15,4600.03,412.58,1,malware
1ec8c0d07f46ed34992d342ac07fbc30,0,5.67,1.17,7022.0,159.4,1,malware
b32309a26951912be7dba376398abc3b,1,289.9,32.17,58.67,24308.91,0,normal
2a55b6e43f3669248b7c8cd3e5610564,0,28.47,2.26,471.18,473.26,1,malware
6f6184928325f5445e5fe35a3d77d76d,0,20.99,0.85,3161.23,97.7,1,malware
aaa9d4873f7f8c4f3fce4bd23f9c7d0d,1,368.61,12.77,78.89,19001.1,0,normal
c86c1a48e4a6acb28cf8c12c61c54c33,1,186.89,6.02,45.25,39538.85,0,normal
9e10692f1b7f78228b2d4e424db3a98c,1,389.02,5.17,113.48,25909.03,0,normal
d7b0b55c2b7349b36f8a60e34ede9fec,1,227.34,23.93,28.03,40151.89,0,normal
5b4fd62a47c0f7b42db7f35f9c27e2f6,1,275.4,33.43,115.64,16688.78,0,normal
eb88d0b3978e1bcfa728e2f6f36f6c1b,0,15.1,2.32,6150.62,404.04,1,malware
cff9a14f9a20f4fb5c37216d2e588c5d,1,18.01,1.0,3004.75,78.03,1,malware
b32309a26951912be7dba376398abc3b,1,182.57,17.92,41.87,20759.92,0,normal
5b4fd62a47c0f7b42db7f35f9c27e2f6,1,372.73,27.36,84.43,12697.17,0,normal
ace9f424cf37e06235aa9deb192e972e,0,3.82,0.78,595.47,487.86,1,malware
2c64d6fabb956b6e98066c981d7fd265,1,16.19,1.59,3633.89,302.79,1,malware
c35dabdd40e08dc1ad5c3e3e55e3f5a3,1,325.79,30.09,61.66,38865.91,0,normal
c86c1a48e4a6acb28cf8c12c61c54c33,1,256.5,40.48,54.74,17755.88,0,normal
3ba1941883e4660446225c87367e6640,1,19.48,1.66,6891.12,91.2,1,malware
5b4fd62a47c0f7b42db7f35f9c27e2f6,1,391.67,27.01,77.96,46597.75,0,normal
d2085199acbbc0f4fd7236c75b8dc962,0,19.85,2.21,1118.49,313.51,1,malware
28ff001149e921c3e7505313dc3608c5,1,7.59,2.28,2558.25,113.29,1,malware
c35dabdd40e08dc1ad5c3e3e55e3f5a3,1,222.04,44.75,91.92,40356.12,0,normal
aaa9d4873f7f8c4f3fce4bd23f9c7d0d,1,304.79,13.29,109.15,41254.99,0,normal
72a589da586844d7f0818ce684948eea,0,28.59,1.12,5114.22,474.16,1,malware
b7d86154f10e9a402019470c30be0506,0,26.64,2.17,810.12,381.2,1,malware
d7b0b55c2b7349b36f8a60e34ede9fec,1,163.19,5.95,19.78,22662.47,0,normal
a0e9f5d64349fb13191bc781f81f42e1,0,17.17,0.61,3493.83,373.52,1,malware
aaa9d4873f7f8c4f3fce4bd23f9c7d0d,1,249.51,46.43,96.98,11671.38,0,normal
579ccef312d18482fc42e2b822ca2430,1,304.91,11.54,110.23,7059.3,0,normal
b32309a26951912be7dba376398abc3b,1,206.43,30.73,38.03,30154.79,0,normal
d0ebe5cd00669053e93ed9ed0298d9fd,0,29.36,1.42,5600.01,124.33,1,malware
d7b0b55c2b7349b36f8a60e34ede9fec,1,296.62,36.06,97.72,28774.15,0,normal
472aa4ed8ae27fbde9dda92c8c72acfb,0,5.8,2.83,2896.77,23.97,1,malware
aaa9d4873f7f8c4f3fce4bd23f9c7d0d,1,399.8,30.31,36.38,3868.8,0,normal
c86c1a48e4a6acb28cf8c12c61c54c33,1,153.31,19.35,93.7,47223.77,0,normal
c86c1a48e4a6acb28cf8c12c61c54c33,1,299.33,26.41,92.32,10026.29,0,normal
ad583c71d9da3705e7216f323915bed7,0,15.75,2.28,1641.69,287.74,1,malware
6d6440b0939c7014b7f1991e1cd1b9f1,0,28.22,2.9,1712.94,432.9,1,malware
5b4fd62a47c0f7b42db7f35f9c27e2f6,1,228.52,9.61,61.04,43446.27,0,normal
d7b0b55c2b7349b36f8a60e34ede9fec,1,173.57,8.18,54.78,35988.09,0,normal
1b81289fbc4e1705e74543a7583d76f6,1,26.87,1.15,6682.2,299.1,1,malware
5b4fd62a47c0f7b42db7f35f9c27e2f6,1,159.98,37.81,30.8,44488.0,0,normal
aaa9d4873f7f8c4f3fce4bd23f9c7d0d,1,373.02,29.88,34.07,11365.88,0,normal
aaa9d4873f7f8c4f3fce4bd23f9c7d0d,1,356.3,46.18,53.3,8439.65,0,normal
c35dabdd40e08dc1ad5c3e3e55e3f5a3,1,321.68,45.78,115.34,31493.71,0,normal
9e10692f1b7f78228b2d4e424db3a98c,1,156.59,31.08,10.48,15735.42,0,normal
aaa9d4873f7f8c4f3fce4bd23f9c7d0d,1,172.98,29.29,112.99,12683.2,0,normal
d7b0b55c2b7349b36f8a60e34ede9fec,1,161.28,33.9,66.51,35619.51,0,normal
72a589da586844d7f0818ce684948eea,0,20.11,2.2,1690.03,260.58,1,malware
5b4fd62a47c0f7b42db7f35f9c27e2f6,1,393.4,40.49,74.3,16749.39,0,normal
eb88d0b3978e1bcfa728e2f6f36f6c1b,0,18.28,2.62,657.19,184.31,1,malware
9e10692f1b7f78228b2d4e424db3a98c,1,213.13,38.34,40.81,12510.02,0,normal
9e10692f1b7f78228b2d4e424db3a98c,1,358.09,42.1,109.5,42952.3,0,normal
a0e9f5d64349fb13191bc781f81f42e1,1,8.13,0.58,4603.0,398.29,1,malware
e94732f7656afb668379652820e370a9,1,13.23,0.68,3864.83,459.33,1,malware
090ae3dd153caae7018f447e6a629be0,0,4.5,2.58,5126.87,397.24,1,malware
aaa9d4873f7f8c4f3fce4bd23f9c7d0d,1,367.21,12.74,50.12,30726.88,0,normal
993fd841b52b6a1ab072077f7507243c,0,16.57,2.48,3145.2,245.38,1,malware
8d789a79f45e849b167117851294fc2d,1,6.93,1.99,3494.06,256.73,1,malware
6734f37431670b3ab4292b8f60f29984,1,10.07,1.88,4755.09,333.91,1,malware
9e10692f1b7f78228b2d4e424db3a98c,1,377.62,12.56,103.84,12142.63,0,normal
665f2e7c7bf6004978416bc44911df67,1,11.91,2.23,5930.44,169.94,1,malware
d7b0b55c2b7349b36f8a60e34ede9fec,1,382.96,11.94,118.63,37402.33,0,normal
179ebd9276762014ae9cd54af4dbf8c2,0,26.3,2.43,7146.43,371.02,1,malware
c86c1a48e4a6acb28cf8c12c61c54c33,1,278.99,49.61,76.85,46350.29,0,normal
3b0dcd944479d599b43c5f2128289db4,1,21.53,1.06,3297.79,494.94,1,malware
c86c1a48e4a6acb28cf8c12c61c54c33,1,167.04,41.24,34.57,37518.74,0,normal
579ccef312d18482fc42e2b822ca2430,1,295.17,43.78,115.06,41816.47,0,normal
f91d838a32430135ad61b3c52adac098,0,25.89,1.79,5691.91,488.19,1,malware
c1aad2523dc69ba382d42275efbb3e2f,0,19.32,2.51,6177.4,193.96,1,malware
eb88d0b3978e1bcfa728e2f6f36f6c1b,0,29.37,1.51,6691.23,154.52,1,malware
d458d58036b9dc26a3f42fe20cca79fe,0,14.93,2.67,5893.87,239.91,1,malware
aaa9d4873f7f8c4f3fce4bd23f9c7d0d,1,399.25,35.88,22.53,32425.42,0,normal
3b0831cff87fcd4dee87bb097e46e5af,0,11.81,1.98,3736.7,251.26,1,malware
eb88d0b3978e1bcfa728e2f6f36f6c1b,0,2.02,2.97,5561.72,162.49,1,malware
5b4fd62a47c0f7b42db7f35f9c27e2f6,1,238.19,45.49,112.99,7063.16,0,normal
aaa9d4873f7f8c4f3fce4bd23f9c7d0d,1,271.58,44.06,110.09,31864.3,0,normal
579ccef312d18482fc42e2b822ca2430,1,246.16,14.31,116.47,38244.14,0,normal
72a589da586844d7f0818ce684948eea,0,14.97,1.4,2975.63,147.45,1,malware
7222805dc43831d4d468f1363c8a6325,0,10.38,2.61,2048.05,37.87,1,malware
579ccef312d18482fc42e2b822ca2430,1,362.14,28.49,10.47,9964.18,0,normal
d7b0b55c2b7349b36f8a60e34ede9fec,1,180.19,43.04,38.05,38793.63,0,normal
c35dabdd40e08dc1ad5c3e3e55e3f5a3,1,397.88,12.0,48.67,17357.26,0,normal
6734f37431670b3ab4292b8f60f29984,0,6.6,0.84,1813.95,58.93,1,malware
c86c1a48e4a6acb28cf8c12c61c54c33,1,380.15,6.99,67.96,3655.45,0,normal
5b4fd62a47c0f7b42db7f35f9c27e2f6,1,315.34,19.36,19.72,37525.15,0,normal
d7b0b55c2b7349b36f8a60e34ede9fec,1,218.41,16.84,3.39,20031.78,0,normal
eb88d0b3978e1bcfa728e2f6f36f6c1b,1,19.46,2.65,5219.07,471.85,1,malware
9e10692f1b7f78228b2d4e424db3a98c,1,166.55,19.63,118.58,2234.25,0,normal
dfe49ae373b4f8c178ba25196fda21bb,1,11.4,2.57,3648.0,67.49,1,malware
579ccef312d18482fc42e2b822ca2430,1,205.75,35.61,84.0,14933.59,0,normal
9edf808c065ba24acde95e83d4e2aff8,1,13.87,2.16,1197.39,348.22,1,malware
b32309a26951912be7dba376398abc3b,1,268.33,17.25,58.28,17723.87,0,normal
1d18535162b3945dd99ce17843820958,0,16.15,1.77,3451.49,107.37,1,malware
a0e9f5d64349fb13191bc781f81f42e1,0,25.96,1.31,977.89,34.15,1,malware
f395889ec007fba5299c38e04a21ee46,0,13.73,0.79,4632.82,386.82,1,malware
d7b0b55c2b7349b36f8a60e34ede9fec,1,351.7,42.11,35.91,36807.74,0,normal
9e10692f1b7f78228b2d4e424db3a98c,1,398.13,20.83,8.38,33493.32,0,normal
b742b407d1d3a3f03fde73d1b563041a,1,10.29,2.1,1539.25,16.1,1,malware
7b6e081e62e684b9d93079af8de93764,0,27.83,2.35,7034.42,344.31,1,malware
a0e9f5d64349fb13191bc781f81f42e1,0,15.3,1.31,6674.45,75.36,1,malware
793e46182e4cc8a94af1a4b27155458d,0,4.49,1.52,3194.92,189.23,1,malware
579ccef312d18482fc42e2b822ca2430,1,373.51,12.38,93.53,24659.82,0,normal
5b4fd62a47c0f7b42db7f35f9c27e2f6,1,216.27,44.18,50.1,31344.25,0,normal
c35dabdd40e08dc1ad5c3e3e55e3f5a3,1,290.04,9.81,6.06,32292.11,0,normal
eb88d0b3978e1bcfa728e2f6f36f6c1b,1,26.05,1.3,1098.03,323.07,1,malware
c86c1a48e4a6acb28cf8c12c61c54c33,1,262.01,19.48,57.63,4603.74,0,normal
b742b407d1d3a3f03fde73d1b563041a,0,2.16,1.69,3759.17,300.19,1,malware
1400844cbcc8ddd61b93cd70272a7f4a,0,25.24,2.28,1992.61,316.15,1,malware
d7b0b55c2b7349b36f8a60e34ede9fec,1,361.77,27.84,13.36,29758.26,0,normal
b32309a26951912be7dba376398abc3b,1,356.96,18.33,25.92,37893.2,0,normal
5b4fd62a47c0f7b42db7f35f9c27e2f6,1,158.12,22.53,1.42,25231.38,0,normal
579ccef312d18482fc42e2b822ca2430,1,215.43,24.54,13.43,7110.25,0,normal
d7b0b55c2b7349b36f8a60e34ede9fec,1,171.22,8.81,37.59,7924.23,0,normal
72a589da586844d7f0818ce684948eea,1,20.5,2.31,5953.65,485.02,1,malware
aaa9d4873f7f8c4f3fce4bd23f9c7d0d,1,230.64,29.58,70.68,13839.9,0,normal
85aed02737c8426f474e5f7142952c02,0,20.13,2.84,3159.82,252.73,1,malware
b742b407d1d3a3f03fde73d1b563041a,0,24.01,0.67,5128.92,164.22,1,malware
eb88d0b3978e1bcfa728e2f6f36f6c1b,0,2.01,0.8,2167.82,327.79,1,malware
d452df037bc1caf681937c2956bb980f,1,26.29,1.85,4160.82,195.6,1,malware
7f70861b55f9096f8701c27fa11c820a,0,24.05,1.6,5713.29,240.18,1,malware
dcb9132c9bdeda42e06cdb535f088884,1,17.98,1.49,3828.25,174.01,1,malware
139a200b4c5f30f4f57e9986a1ec259c,0,11.95,2.62,4001.16,219.75,1,malware
579ccef312d18482fc42e2b822ca2430,1,204.61,44.02,44.86,28551.22,0,normal
b32309a26951912be7dba376398abc3b,1,305.74,23.59,72.89,12708.88,0,normal
fedf093667e85afc9b2d854c6019295a,0,16.48,0.72,5730.13,83.18,1,malware
aaa9d4873f7f8c4f3fce4bd23f9c7d0d,1,376.47,34.92,4.09,48562.83,0,normal
b2a421bfe142d7d581c2fc4aab8a7964,0,13.46,1.87,6888.22,37.25,1,malware
c35dabdd40e08dc1ad5c3e3e55e3f5a3,1,152.21,30.03,109.39,48287.66,0,normal
c86c1a48e4a6acb28cf8c12c61c54c33,1,386.6,27.42,104.77,26228.11,0,normal
9e10692f1b7f78228b2d4e424db3a98c,1,340.94,10.05,91.49,36987.25,0,normal
6c80dc7c71439afdf3a7b4ec5efdbc73,0,3.72,2.96,2433.25,437.24,1,malware
c35dabdd40e08dc1ad5c3e3e55e3f5a3,1,383.49,16.4,27.66,48349.16,0,normal
c86c1a48e4a6acb28cf8c12c61c54c33,1,166.73,43.06,29.4,32539.8,0,normal
eb88d0b3978e1bcfa728e2f6f36f6c1b,0,3.61,1.46,1923.73,71.49,1,malware
aaa9d4873f7f8c4f3fce4bd23f9c7d0d,1,387.04,26.1,106.96,8683.83,0,normal
79c2379b1e99401b2479d559dc5a8685,0,16.46,1.92,2635.17,225.81,1,malware
aaa9d4873f7f8c4f3fce4bd23f9c7d0d,1,363.06,26.31,3.3,26479.98,0,normal
78b46a6a193c8a42f69ef135872c169d,0,18.46,0.65,4674.2,143.09,1,malware
c86c1a48e4a6acb28cf8c12c61c54c33,1,160.7,23.6,54.5,6375.03,0,normal
c86c1a48e4a6acb28cf8c12c61c54c33,1,309.73,28.1,96.89,612.16,0,normal
72a589da586844d7f0818ce684948eea,0,27.51,1.44,763.34,200.25,1,malware
72a589da586844d7f0818ce684948eea,0,10.96,0.86,5368.82,383.4,1,malware
e62c129e0715b9fbbd5a7d0ef2b0f62b,1,16.48,2.41,4656.54,168.58,1,malware
aaa9d4873f7f8c4f3fce4bd23f9c7d0d,1,153.99,45.39,45.57,8120.39,0,normal
6734f37431670b3ab4292b8f60f29984,0,23.04,1.42,6584.18,135.01,1,malware
5b4fd62a47c0f7b42db7f35f9c27e2f6,1,317.91,26.22,95.15,45166.66,0,normal
b32309a26951912be7dba376398abc3b,1,221.98,24.47,92.77,29615.47,0,normal
5b4fd62a47c0f7b42db7f35f9c27e2f6,1,348.48,27.1,96.79,34062.18,0,normal
5b4fd62a47c0f7b42db7f35f9c27e2f6,1,249.88,45.43,65.11,38801.66,0,normal
ccf28ef96c06d7e8de9e32ffdafb5861,0,10.5,1.85,4892.45,270.54,1,malware
a0e9f5d64349fb13191bc781f81f42e1,0,23.1,2.23,5266.57,474.15,1,malware
d7b0b55c2b7349b36f8a60e34ede9fec,1,183.3,20.78,76.19,6676.55,0,normal
9e10692f1b7f78228b2d4e424db3a98c,1,208.09,5.99,46.29,9907.33,0,normal
b32309a26951912be7dba376398abc3b,1,385.86,47.84,69.98,10920.86,0,normal
a0e9f5d64349fb13191bc781f81f42e1,0,3.23,1.62,2894.88,106.68,1,malware
c86c1a48e4a6acb28cf8c12c61c54c33,1,292.55,9.96,109.29,4893.8,0,normal
b32309a26951912be7dba376398abc3b,1,242.58,7.86,40.48,6972.48,0,normal
5b4fd62a47c0f7b42db7f35f9c27e2f6,1,248.05,27.33,93.15,30271.1,0,normal
aaa9d4873f7f8c4f3fce4bd23f9c7d0d,1,242.06,22.39,110.49,44350.51,0,normal
579ccef312d18482fc42e2b822ca2430,1,323.82,43.76,82.48,23883.92,0,normal
aaa9d4873f7f8c4f3fce4bd23f9c7d0d,1,341.39,5.24,46.58,32571.93,0,normal
9e10692f1b7f78228b2d4e424db3a98c,1,353.09,11.08,107.05,22077.63,0,normal
d7b0b55c2b7349b36f8a60e34ede9fec,1,320.98,10.35,78.8,38529.54,0,normal
9e10692f1b7f78228b2d4e424db3a98c,1,353.89,22.89,6.87,31125.0,0,normal
9e10692f1b7f78228b2d4e424db3a98c,1,178.46,41.38,34.51,17241.66,0,normal
1c8a5e35e7548eb54fcdcce3149b9903,1,16.06,1.18,4189.75,454.08,1,malware
01c54b113fae6f684f4ddd7c27b59cc2,0,15.48,1.48,3673.75,106.19,1,malware
c86c1a48e4a6acb28cf8c12c61c54c33,1,321.65,15.51,32.34,24333.9,0,normal
b742b407d1d3a3f03fde73d1b563041a,0,25.02,2.54,6721.57,302.76,1,malware
eb88d0b3978e1bcfa728e2f6f36f6c1b,0,11.76,0.66,578.81,320.42,1,malware
08ceef1250d0ba8c1f3902d6397aae62,0,25.68,1.67,854.68,226.25,1,malware
b591180c0d7e371e5ea9545276a220e8,0,11.66,0.99,2726.22,397.34,1,malware
b38d003beae5c3847f8b3ca296ddab9b,0,14.0,2.32,1676.16,380.86,1,malware
9e10692f1b7f78228b2d4e424db3a98c,1,316.49,26.82,9.17,41176.29,0,normal
568d86651266b142fc34ab66111a1b1d,0,27.37,2.31,5200.24,17.47,1,malware
aaa9d4873f7f8c4f3fce4bd23f9c7d0d,1,192.74,8.69,51.09,19165.23,0,normal
f470f808b210ae2e480d26ed6ccf5e33,0,10.54,1.54,6975.7,109.62,1,malware
2e8ad39242585805a076e2d7211ca6fc,0,15.74,1.82,6751.91,219.84,1,malware
eb88d0b3978e1bcfa728e2f6f36f6c1b,0,17.2,2.85,5748.8,414.8,1,malware
b32309a26951912be7dba376398abc3b,1,248.77,36.15,66.06,44658.89,0,normal
aaa9d4873f7f8c4f3fce4bd23f9c7d0d,1,181.9,45.16,60.75,19049.27,0,normal
9e10692f1b7f78228b2d4e424db3a98c,1,302.66,23.33,5.72,13172.06,0,normal
aaa9d4873f7f8c4f3fce4bd23f9c7d0d,1,209.62,44.3,64.92,8841.44,0,normal
579ccef312d18482fc42e2b822ca2430,1,378.68,18.62,86.01,19884.74,0,normal
0c3996839fb57237948a6913c65858df,0,28.91,1.97,6370.7,231.29,1,malware
b742b407d1d3a3f03fde73d1b563041a,0,4.44,2.29,5534.29,351.07,1,malware
aaa9d4873f7f8c4f3fce4bd23f9c7d0d,1,342.27,21.1,8.97,40794.66,0,normal
c35dabdd40e08dc1ad5c3e3e55e3f5a3,1,168.03,19.61,17.02,40782.41,0,normal
8525cac96bdd71e438bf6219fe036186,0,6.11,2.52,2375.83,63.67,1,malware
b742b407d1d3a3f03fde73d1b563041a,0,27.66,1.08,602.36,72.96,1,malware
72a589da586844d7f0818ce684948eea,1,16.48,2.57,5502.76,446.8,1,malware
9e10692f1b7f78228b2d4e424db3a98c,1,364.55,29.53,7.13,19450.98,0,normal
e44db10d9a12702198b80e82580be5eb,0,7.2,1.05,3595.44,125.93,1,malware
8a23950792642339dd2a997ef1950175,1,16.61,1.72,6174.02,322.06,1,malware
b935ad73365e7e195f9ea6c6131d985c,0,27.14,1.8,4531.1,91.2,1,malware
579ccef312d18482fc42e2b822ca2430,1,159.11,29.77,94.75,45644.3,0,normal
d7b0b55c2b7349b36f8a60e34ede9fec,1,317.28,14.73,87.87,39330.3,0,normal
c35dabdd40e08dc1ad5c3e3e55e3f5a3,1,254.41,23.66,51.84,11357.88,0,normal
d7b0b55c2b7349b36f8a60e34ede9fec,1,354.73,8.45,66.2,49786.79,0,normal
6734f37431670b3ab4292b8f60f29984,0,25.63,1.43,3585.28,112.79,1,malware
d7b0b55c2b7349b36f8a60e34ede9fec,1,216.23,19.41,116.36,30706.98,0,normal
9dab49c732f8370edfee1bc4a6d001fd,0,6.34,2.72,5794.6,327.69,1,malware
f0cea8d15d8fbddaaf5f77343e18bc09,0,7.83,2.71,4998.76,146.45,1,malware
b2acaf87f70a2e72d22c6bf5ca268667,0,11.21,2.77,2748.35,379.36,1,malware
fe8ff9cadc29c7c9a066a3ce3837246c,0,22.37,1.01,6120.13,378.96,1,malware
3dcd828367070b1e8d9a7d23922a3c88,0,18.79,2.51,6537.27,166.78,1,malware
5b4fd62a47c0f7b42db7f35f9c27e2f6,1,327.21,45.86,52.09,28054.63,0,normal
b4bc8d2826d344f3405a77c55b5b406c,0,21.3,0.88,3839.14,159.89,1,malware
3fd7a8c13dc768602c870e711d3fa5e9,0,29.28,1.54,6768.32,284.39,1,malware
cb93014bd5adba5fdd21ab733e0018a4,1,17.93,1.92,460.97,462.33,1,malware
c86c1a48e4a6acb28cf8c12c61c54c33,1,261.17,39.02,106.67,32754.86,0,normal
b32309a26951912be7dba376398abc3b,1,265.9,11.04,72.15,32827.81,0,normal
9e10692f1b7f78228b2d4e424db3a98c,1,317.28,36.28,68.73,17370.86,0,normal
7ae72e81c1e9ebcafd8769708c2f3ee2,1,24.33,1.02,4129.66,299.07,1,malware
a94b8b1d79443c8ffb378a8bc01812aa,1,16.16,2.36,4457.1,361.8,1,malware
9e10692f1b7f78228b2d4e424db3a98c,1,201.49,12.03,63.6,2494.16,0,normal
b32309a26951912be7dba376398abc3b,1,240.08,5.97,21.76,28435.65,0,normal
dc2fabbc7a6c8626e7e0cf3f4f0cff89,0,25.88,1.78,1489.5,213.02,1,malware
c86c1a48e4a6acb28cf8c12c61c54c33,1,317.15,23.94,88.28,41821.88,0,normal
c35dabdd40e08dc1ad5c3e3e55e3f5a3,1,207.44,47.05,70.43,44941.62,0,normal
6734f37431670b3ab4292b8f60f29984,0,22.48,0.94,6108.86,75.08,1,malware
2c42eccdd5d4d741b558c9f3d62ce652,0,17.45,0.69,2650.3,482.18,1,malware
c86c1a48e4a6acb28cf8c12c61c54c33,1,334.25,29.49,40.51,38985.78,0,normal
b32309a26951912be7dba376398abc3b,1,366.86,6.65,15.1,24414.75,0,normal
d7b0b55c2b7349b36f8a60e34ede9fec,1,202.37,20.1,4.69,33171.29,0,normal
eb88d0b3978e1bcfa728e2f6f36f6c1b,0,19.85,2.72,4688.81,261.18,1,malware
635b15120012fda18694fee4b2bc296d,1,7.86,2.59,577.74,48.48,1,malware
aaa9d4873f7f8c4f3fce4bd23f9c7d0d,1,380.51,11.95,29.56,23755.06,0,normal
6734f37431670b3ab4292b8f60f29984,1,11.88,2.15,4173.32,354.55,1,malware
d7298565abbe13691e5d541f5b198ac1,0,11.21,1.05,4229.88,16.31,1,malware
b32309a26951912be7dba376398abc3b,1,232.36,40.27,100.59,20969.27,0,normal
f441b0bf5afc6cccf7e916f3e080ed17,0,3.16,0.55,4451.68,223.4,1,malware
c389f587f763bde4dac3f5f58d60ad91,0,4.28,1.17,6752.55,36.88,1,malware
c86c1a48e4a6acb28cf8c12c61c54c33,1,267.22,34.71,35.22,40757.41,0,normal
c86c1a48e4a6acb28cf8c12c61c54c33,1,178.96,6.8,109.41,28141.41,0,normal
72a589da586844d7f0818ce684948eea,0,17.23,0.77,5140.0,306.05,1,malware
b742b407d1d3a3f03fde73d1b563041a,1,10.56,1.12,5437.18,307.74,1,malware
aaa9d4873f7f8c4f3fce4bd23f9c7d0d,1,333.37,36.74,72.14,20710.2,0,normal
c35dabdd40e08dc1ad5c3e3e55e3f5a3,1,267.06,27.31,42.56,5064.9,0,normal
9bded3bdfdd4b9fa1ac93a04285672dd,1,24.38,0.96,2433.35,47.61,1,malware
579ccef312d18482fc42e2b822ca2430,1,317.81,43.29,18.23,20517.79,0,normal
fe22153846a12b73b34f6f1a7b1d21b6,0,20.02,2.8,5029.55,218.18,1,malware
b91d1e6e4e8e3dd9eabdd3276363c0b0,1,17.28,2.16,1028.49,310.88,1,malware
a7c061fbc984f82c87d89d4356e15742,0,16.53,0.58,1590.77,414.63,1,malware
9e10692f1b7f78228b2d4e424db3a98c,1,370.34,7.32,107.61,46613.82,0,normal
aaa9d4873f7f8c4f3fce4bd23f9c7d0d,1,255.32,15.05,83.0,26127.31,0,normal
9e10692f1b7f78228b2d4e424db3a98c,1,179.4,6.58,26.02,15436.46,0,normal
a0e9f5d64349fb13191bc781f81f42e1,0,5.5,1.59,7164.5,287.1,1,malware
d7b0b55c2b7349b36f8a60e34ede9fec,1,188.34,36.18,13.1,43898.12,0,normal
aaa9d4873f7f8c4f3fce4bd23f9c7d0d,1,263.27,32.59,98.63,31162.11,0,normal
d7b0b55c2b7349b36f8a60e34ede9fec,1,207.62,17.07,32.88,21123.14,0,normal
f0a0c081f3e98a9899af740e1c67ca9e,0,14.13,1.22,5644.77,478.77,1,malware
5b4fd62a47c0f7b42db7f35f9c27e2f6,1,332.86,34.57,33.82,15666.55,0,normal
05aeb420ec62313ac4e18670e7bec350,0,11.0,2.56,1429.09,171.03,1,malware
b742b407d1d3a3f03fde73d1b563041a,1,21.24,2.59,1207.12,272.83,1,malware
58d5e7e2bec274655c8deb6ee56546e8,0,10.09,1.26,1582.78,146.58,1,malware
c35dabdd40e08dc1ad5c3e3e55e3f5a3,1,245.29,23.96,65.27,4075.33,0,normal
5b4fd62a47c0f7b42db7f35f9c27e2f6,1,201.4,6.91,118.29,13272.05,0,normal
5b4fd62a47c0f7b42db7f35f9c27e2f6,1,197.48,11.11,100.29,13608.13,0,normal
74c21806464e87b96010507cc2298482,0,25.9,1.68,2131.4,446.6,1,malware
7dffff7b96059b00a2b35df05e6acbcd,1,7.67,2.03,2018.92,93.75,1,malware
aaa9d4873f7f8c4f3fce4bd23f9c7d0d,1,249.0,17.97,95.34,39888.23,0,normal
c86c1a48e4a6acb28cf8c12c61c54c33,1,319.06,41.36,15.55,34934.45,0,normal
b32309a26951912be7dba376398abc3b,1,314.14,24.45,30.75,1727.2,0,normal
5b4fd62a47c0f7b42db7f35f9c27e2f6,1,241.54,23.09,48.27,44064.42,0,normal
c35dabdd40e08dc1ad5c3e3e55e3f5a3,1,314.52,15.04,107.32,37875.16,0,normal
5b4fd62a47c0f7b42db7f35f9c27e2f6,1,188.05,46.8,105.68,13534.81,0,normal
5b4fd62a47c0f7b42db7f35f9c27e2f6,1,210.57,39.4,93.08,41666.26,0,normal
20b3980992e0cd88ea1c6d71668fb585,0,29.78,2.28,6365.02,347.0,1,malware
7e15d57b14a58d56c4c18896e3d3d1ad,0,21.98,2.65,4923.78,271.74,1,malware
fab2419c98b88a3af8b7bdc8f9e449be,0,19.43,1.22,2116.44,417.74,1,malware
21583051ad15e227f5181ce2c58e0c22,0,15.54,1.41,938.28,439.36,1,malware
5b4fd62a47c0f7b42db7f35f9c27e2f6,1,386.68,35.05,61.93,39202.57,0,normal
9e10692f1b7f78228b2d4e424db3a98c,1,248.2,12.38,1.51,12172.73,0,normal
5b4fd62a47c0f7b42db7f35f9c27e2f6,1,243.02,30.71,43.78,45815.11,0,normal
c8baad9b3a198539855c3df9ec7cda11,1,4.47,1.64,4921.26,368.77,1,malware
9e10692f1b7f78228b2d4e424db3a98c,1,268.1,39.67,93.21,42469.85,0,normal
cf3ca62883b62a2092b6b9cab08af856,1,21.23,0.85,709.16,214.71,1,malware
8d839678e3f87add1dfca6b56722e917,0,10.9,1.51,1680.56,242.54,1,malware
b742b407d1d3a3f03fde73d1b563041a,0,8.23,2.03,300.54,15.64,1,malware
c35dabdd40e08dc1ad5c3e3e55e3f5a3,1,317.33,26.75,90.79,42101.38,0,normal
4f3cd45820f5086bd2fb5379a2f79fe9,0,6.44,1.97,6939.4,237.14,1,malware
a0e9f5d64349fb13191bc781f81f42e1,0,2.27,2.02,4076.03,399.48,1,malware
fbd0c28b5f49f40d61b3682dad312b8b,0,10.33,1.42,2096.33,45.42,1,malware
5b4fd62a47c0f7b42db7f35f9c27e2f6,1,353.84,24.0,67.78,18119.35,0,normal
c86c1a48e4a6acb28cf8c12c61c54c33,1,157.31,14.28,55.0,29832.06,0,normal
803c7a096c48aabf09143c2462d7f4c8,0,16.43,1.73,711.1,479.37,1,malware
52727e426c91bb5dabc45ad70b8d69ab,0,16.54,2.66,5815.27,383.9,1,malware
72a589da586844d7f0818ce684948eea,0,11.87,1.43,5776.92,122.63,1,malware
e24ab9ba79f9104d2b51ceea6c293d71,1,10.29,2.72,1338.45,279.48,1,malware
72a589da586844d7f0818ce684948eea,0,15.05,1.77,5841.77,17.43,1,malware
b742b407d1d3a3f03fde73d1b563041a,0,25.06,2.44,968.46,161.91,1,malware
ca40fb1ae910138b85667f56e645b2e6,0,5.98,2.67,1278.24,362.75,1,malware
72a589da586844d7f0818ce684948eea,0,12.89,0.8,6988.08,145.88,1,malware
5b4fd62a47c0f7b42db7f35f9c27e2f6,1,252.6,29.26,68.28,38916.76,0,normal
04a167093529d0dd49aefd754618c7f3,0,18.8,1.96,722.52,22.62,1,malware
6734f37431670b3ab4292b8f60f29984,0,22.58,1.99,1689.97,328.66,1,malware
72a589da586844d7f0818ce684948eea,1,12.71,2.97,1497.1,318.37,1,malware
b32309a26951912be7dba376398abc3b,1,250.06,46.56,84.31,2002.78,0,normal
579ccef312d18482fc42e2b822ca2430,1,179.87,13.49,4.34,25190.41,0,normal
b32309a26951912be7dba376398abc3b,1,373.1,28.09,113.66,24748.92,0,normal
dc35be5e81783183bcb677de4a3cebff,0,6.82,1.55,4023.34,126.2,1,malware
c35dabdd40e08dc1ad5c3e3e55e3f5a3,1,398.62,6.1,2.56,12495.38,0,normal
9e10692f1b7f78228b2d4e424db3a98c,1,229.38,34.33,94.15,49483.78,0,normal
a7d37c0c76cb065c9edf6b930ffad36e,0,20.64,1.96,7193.43,471.93,1,malware
aaa9d4873f7f8c4f3fce4bd23f9c7d0d,1,391.9,5.42,17.26,47024.71,0,normal
6734f37431670b3ab4292b8f60f29984,0,16.79,2.41,1792.6,309.19,1,malware
66177091a5cdc987ca5b5b26dbc6421f,0,19.98,1.45,5325.1,497.59,1,malware
b742b407d1d3a3f03fde73d1b563041a,0,24.04,2.79,5060.44,260.31,1,malware
14929a74923b41f75d0a30585c254826,0,9.74,1.49,2923.42,476.61,1,malware
b742b407d1d3a3f03fde73d1b563041a,0,10.74,2.99,5550.93,189.43,1,malware
b83e533b49b964d9f3e473ae4675ef9c,0,29.24,2.24,6616.06,175.65,1,malware
25ea19870ea3527a073e4b1fa3917e86,1,12.85,2.94,3833.84,232.74,1,malware
2579f4cfb009b83e2b6027b2bb84778f,0,25.73,1.7,1192.5,116.19,1,malware
aaa9d4873f7f8c4f3fce4bd23f9c7d0d,1,371.72,41.61,96.13,48822.72,0,normal
eb88d0b3978e1bcfa728e2f6f36f6c1b,1,18.0,1.48,4653.83,59.09,1,malware
1996ff35321b0fe39430afbe3c183cfc,0,17.14,2.13,3370.81,185.17,1,malware
d7b0b55c2b7349b36f8a60e34ede9fec,1,340.22,44.28,37.41,42825.68,0,normal
21aea37d78b9c964089b87c90947643e,0,17.09,0.52,6864.14,114.45,1,malware
b742b407d1d3a3f03fde73d1b563041a,0,8.24,2.88,5932.63,263.13,1,malware
579ccef312d18482fc42e2b822ca2430,1,228.3,9.18,7.13,24952.71,0,normal
c35dabdd40e08dc1ad5c3e3e55e3f5a3,1,217.59,18.36,52.89,43495.09,0,normal
c86c1a48e4a6acb28cf8c12c61c54c33,1,229.01,35.23,114.06,16924.21,0,normal
eb88d0b3978e1bcfa728e2f6f36f6c1b,1,14.29,2.95,5943.49,260.22,1,malware
c35dabdd40e08dc1ad5c3e3e55e3f5a3,1,169.05,17.0,75.76,26981.37,0,normal
034fc6252c0c7fd81fb9c250640108ad,0,25.12,2.84,5734.1,353.06,1,malware
b32309a26951912be7dba376398abc3b,1,172.59,41.0,95.47,14574.37,0,normal
d7b0b55c2b7349b36f8a60e34ede9fec,1,175.62,6.13,90.88,42709.27,0,normal
a0e9f5d64349fb13191bc781f81f42e1,1,2.49,1.04,4783.3,223.58,1,malware
5a3eae13797bb8d9a628bb533d2c3fe4,0,11.64,1.1,3440.75,368.11,1,malware
eb88d0b3978e1bcfa728e2f6f36f6c1b,0,2.78,2.99,4648.29,129.75,1,malware
6dddf7817bdff92dd5c99ae7979bdf03,1,27.97,0.66,3169.12,73.89,1,malware
b32309a26951912be7dba376398abc3b,1,395.44,16.66,83.72,42723.93,0,normal
579ccef312d18482fc42e2b822ca2430,1,291.5,41.55,70.88,31858.89,0,normal
6e73ef422e983673939a1b379de24f7f,0,27.64,2.64,3565.6,203.06,1,malware
